model,training_size,sensitivity,distribution,solver,step_size,hamiltonian_error,reversibility_error,time,ess
HMC,0.1,autograd,banana,SynchronousLeapfrog,0.1,"[       nan        nan 0.16669667 0.32256585 0.00433025 0.18524063
 0.03423305 0.11507943 0.08239958 0.02153744 0.10605216 0.08242147
 0.05110873 0.02691488 0.15135205 0.25355887 0.02808231 0.17800745
 0.18376486 0.17652258 0.06754423 0.06354276 0.01964741 0.05340899
 0.18622069 0.13936383 0.11632244 0.21145132 0.05359652 0.0498926
 0.32225454 0.0634135  0.14893171 0.02302529 0.00412839 0.25919083
 0.18453582 0.22000785 0.20992133 0.14009784 0.10423256 0.26594633
 0.06837676 0.00169469 0.02974892 0.04121544 0.13343361 0.07032015
 0.01137984 0.03567575 0.01451224 0.0029204  0.1462469  0.01500593
 0.00588031 0.04335047 0.02799    0.0235247  0.06942532 0.16368194
 0.21777575 0.07304932 0.1708627  0.00631509 0.02422371 0.02932017
 0.04683232 0.13338903 0.03303423 0.04152563 0.15931772 0.02698104
 0.00146965 0.07705691 0.1444247  0.0383707  0.13037051 0.33103293
 0.03716375 0.02716792 0.00911492 0.02151764 0.13003996 0.02726926
 0.11383859 0.03196627 0.00776237 0.16957408 0.21216395 0.00203981
 0.01142524 0.23546788 0.03358611 0.20126653 0.00051044 0.00576111
 0.01534863 0.03293065 0.15087911 0.03535517]",tensor(nan),11.763719081878662,24.937082452748612
NNgHMC,0.1,autograd,banana,SynchronousLeapfrog,0.1,"[0.00168431 0.25223318 0.16671662 0.32261163 0.00419906 0.18525761
 0.03424859 0.11509778 0.0825863  0.02155314 0.10606664 0.0824366
 0.05124523 0.0269325  0.15136847 0.2535943  0.02793688 0.17802274
 0.18379004 0.1765444  0.06767461 0.06359363 0.01954753 0.05342846
 0.18641225 0.13955264 0.11651577 0.21149293 0.05361237 0.04981421
 0.32229894 0.06331273 0.14895472 0.02298472 0.00415029 0.25922742
 0.1847339  0.22020277 0.20995948 0.14011306 0.10420503 0.26598558
 0.06855601 0.00184938 0.02994006 0.04130679 0.13345446 0.07028965
 0.01140165 0.03562625 0.01449453 0.00299114 0.14626645 0.01495289
 0.00591125 0.04345767 0.02792465 0.02350474 0.06954074 0.16388062
 0.21781549 0.07300691 0.17088307 0.006341   0.02419739 0.02927727
 0.04681349 0.13340431 0.0330496  0.04154946 0.15933204 0.0269544
 0.00160479 0.07707405 0.14444219 0.03838632 0.13038637 0.33107966
 0.03703006 0.02709114 0.00915371 0.02147547 0.13024254 0.02717267
 0.1138592  0.03199557 0.00773895 0.1695995  0.21235354 0.00211321
 0.01136463 0.2356579  0.03354708 0.20146349 0.00057007 0.00566388
 0.01536586 0.03281612 0.15089305 0.03531195]",tensor(2.9270e-13),9.97422170639038,13.78200073807367
Explicit NNODEgHMC,0.1,autograd,banana,SynchronousLeapfrog,0.1,"[0.00135722 0.24697618 0.16455753 0.3177184  0.00310575 0.18437341
 0.04082517 0.11679385 0.07801507 0.02232434 0.1069548  0.08546203
 0.05042871 0.02120496 0.14915304 0.2531345  0.02837786 0.17531805
 0.18392244 0.17486717 0.06866096 0.06343266 0.02388615 0.05097424
 0.1880972  0.13779211 0.11794019 0.2182128  0.05721287 0.05258321
 0.31963468 0.0665665  0.1452785  0.02714418 0.00409829 0.25922227
 0.18389548 0.2172275  0.20803204 0.13656399 0.10380043 0.26827893
 0.06646485 0.00105226 0.02777454 0.04406509 0.13173231 0.06192332
 0.01611477 0.0394517  0.01782475 0.00737419 0.14840227 0.01562084
 0.00339622 0.03893385 0.03029146 0.02018739 0.07058712 0.16216439
 0.21699151 0.06518465 0.17713296 0.00767496 0.03151556 0.02439981
 0.05418221 0.13047884 0.02567517 0.04409656 0.16169709 0.03436094
 0.00248537 0.07948377 0.14288962 0.03231381 0.13075604 0.33496794
 0.02952009 0.01671841 0.00826508 0.02323447 0.12649323 0.02322497
 0.11941113 0.02482155 0.01164665 0.16929786 0.2160789  0.00852488
 0.01085162 0.23428872 0.03378161 0.19959317 0.00368685 0.00179393
 0.01325538 0.03581539 0.14765087 0.03781753]",tensor(6.9257e-16),25.385332107543945,12.24256835048841
NNODEgHMC,0.1,autograd,banana,SynchronousLeapfrog,0.1,"[0.00135681 0.24697646 0.1645577  0.3177186  0.00310479 0.18437356
 0.04082533 0.11679385 0.07801653 0.02232434 0.1069548  0.08546226
 0.05042983 0.02120512 0.14915304 0.25313464 0.02837671 0.17531821
 0.18392284 0.17486733 0.06866208 0.06343306 0.02388526 0.0509744
 0.1880989  0.13779372 0.11794187 0.21821323 0.05721311 0.05258257
 0.3196349  0.06656561 0.14527874 0.02714378 0.00409853 0.25922245
 0.18389726 0.21722934 0.20803228 0.13656415 0.10380027 0.26827917
 0.06646638 0.00105347 0.02777615 0.04406581 0.1317324  0.0619231
 0.01611493 0.03945129 0.01782475 0.00737475 0.14840244 0.01562043
 0.00339648 0.03893474 0.03029106 0.02018723 0.07058809 0.16216604
 0.21699187 0.06518425 0.17713313 0.0076752  0.03151516 0.02439965
 0.05418205 0.13047901 0.02567541 0.04409672 0.16169716 0.03436078
 0.00248417 0.07948401 0.14288971 0.03231405 0.13075604 0.3349682
 0.02951905 0.01671784 0.00826548 0.02323406 0.126495   0.02322408
 0.11941129 0.02482171 0.01164649 0.1692981  0.2160805  0.00852553
 0.01085106 0.23429045 0.03378137 0.199595   0.00368726 0.0017932
 0.01325554 0.03581434 0.14765103 0.03781713]",tensor(4.2210e-11),12.750066041946411,8.857058716457022
HMC,0.1,autograd,gaussian,SynchronousLeapfrog,0.3,[0.04319393 0.11699603 0.13004622 0.08006863 0.03279971],tensor(7.6762e-15),8.290782451629639,2731.663283967446
NNgHMC,0.1,autograd,gaussian,SynchronousLeapfrog,0.3,[0.0435973  0.1205183  0.1413719  0.09760914 0.04452161],tensor(1.0346e-14),7.515493392944336,2637.0407178149103
Explicit NNODEgHMC,0.1,autograd,gaussian,SynchronousLeapfrog,0.3,[0.00259324 0.09794995 0.3663919  0.77090454 1.2259446 ],tensor(2.7250e-14),11.698421001434326,159.09607439193323
NNODEgHMC,0.1,autograd,gaussian,SynchronousLeapfrog,0.3,[0.00259324 0.07161717 0.16121884 0.14041208 0.06993097],tensor(2.3113e-14),5.752407073974609,2570.583885473268
HMC,0.1,autograd,high_dimensional_gaussian,SynchronousLeapfrog,0.1,[0.00074333 0.0013484  0.00161001 0.00254494 0.00144512],tensor(2.5581e-15),25.45058274269104,368.1521209364267
NNgHMC,0.1,autograd,high_dimensional_gaussian,SynchronousLeapfrog,0.1,[0.00087399 0.002249   0.00369477 0.00620933 0.0070179 ],tensor(3.0641e-15),25.996066093444824,324.2256220779605
Explicit NNODEgHMC,0.1,autograd,high_dimensional_gaussian,SynchronousLeapfrog,0.1,[0.00073616 0.00825178 0.03383539 0.08195277 0.14950645],tensor(9.5612e-15),39.767573595047,60.26902464894103
NNODEgHMC,0.1,autograd,high_dimensional_gaussian,SynchronousLeapfrog,0.1,[0.00073616 0.00142428 0.00285362 0.00597165 0.00788766],tensor(1.0367e-14),20.40454125404358,319.112560822156
HMC,0.1,autograd,normal_normal,SynchronousLeapfrog,0.1,[0.10056666 0.09054027 0.22147483 0.08703142 0.3333265 ],tensor(7.7098e-16),39.12405848503113,588.7771936569866
NNgHMC,0.1,autograd,normal_normal,SynchronousLeapfrog,0.1,[0.10061984 0.08472238 0.253178   0.11450166 0.40291473],tensor(2.7704e-15),30.499043464660645,630.3064294917692
Explicit NNODEgHMC,0.1,autograd,normal_normal,SynchronousLeapfrog,0.1,[0.10388813 0.09872252 0.20856182 0.13079286 0.5803445 ],tensor(1.3093e-14),32.53241777420044,219.35659850869274
NNODEgHMC,0.1,autograd,normal_normal,SynchronousLeapfrog,0.1,[0.10388813 0.09908352 0.2120403  0.10042779 0.40744752],tensor(1.0014e-14),19.222219705581665,657.995063820588
HMC,0.2,autograd,banana,SynchronousLeapfrog,0.1,"[       nan        nan 0.07608715 0.35318515 0.19146514 0.17095257
 0.14586096 0.10343305 0.07514184 0.26717654 0.10369426 0.0060726
 0.1372684  0.00769785 0.03698841 0.0985745  0.12361167 0.01765577
 0.04745072 0.10801753 0.01706965 0.05792644 0.02863321 0.02130906
 0.06178925 0.02333091 0.17891894 0.0353874  0.354301   0.07407032
 0.00598428 0.17589176 0.17009921 0.35458428 0.02403603 0.12516186
 0.06179043 0.05869384 0.32100555 0.03268758 0.03807021 0.02245801
 0.06100035 0.09463018 0.32262272 0.07944855 0.00911052 0.16194348
 0.07040463 0.08874984 0.08991227 0.18033081 0.00921775 0.00599063
 0.02347917 0.11474018 0.00646662 0.15561838 0.05667694 0.04561948
 0.21899323 0.03254215 0.01741292 0.22909153 0.09336044 0.1664165
 0.18822531 0.00074387 0.035061   0.018029   0.2572358  0.15750577
 0.18275006 0.14204341 0.20115118 0.30555865 0.05234716 0.00363352
 0.15309724 0.18125407 0.06831761 0.00595023 0.03156295 0.16121311
 0.23675111 0.07213083 0.01182658 0.04901815 0.02893985 0.01413184
 0.1797185  0.01834826 0.02867895 0.12750806 0.06947313 0.06239451
 0.37327883 0.15907651 0.17219001 0.08012527]",tensor(nan),12.420225858688354,22.73982142818905
NNgHMC,0.2,autograd,banana,SynchronousLeapfrog,0.1,"[0.00210876 0.17499965 0.07608566 0.35326326 0.19148052 0.17096105
 0.14586473 0.10343195 0.0751478  0.2672353  0.10369536 0.00607315
 0.13732158 0.00769612 0.03698763 0.09857488 0.1236274  0.01765781
 0.04746092 0.108042   0.01706871 0.05792527 0.02863188 0.0213024
 0.06180839 0.02333099 0.17892647 0.03538638 0.35438305 0.07408366
 0.00598475 0.17594251 0.17010328 0.3546598  0.02404105 0.12516272
 0.06178988 0.05869471 0.3210876  0.03268624 0.03807115 0.02245973
 0.06102224 0.09464948 0.3226716  0.0794673  0.00911608 0.16196857
 0.07042848 0.08874875 0.08991173 0.18038918 0.00921727 0.00598953
 0.02347586 0.11478873 0.00647101 0.15562992 0.05667717 0.04562105
 0.21904464 0.0325576  0.01741448 0.2291899  0.0933595  0.16647337
 0.18824713 0.00074363 0.03506688 0.01802783 0.25728592 0.15750718
 0.18277179 0.14205642 0.20116916 0.30561778 0.05236567 0.00364239
 0.153133   0.18129697 0.0683169  0.00595039 0.03156201 0.16121852
 0.2368166  0.07212958 0.01182658 0.04901737 0.02893836 0.01413184
 0.1797363  0.01834693 0.02868279 0.12751018 0.06948972 0.06240141
 0.3733642  0.15909283 0.17226021 0.08013469]",tensor(2.1279e-15),9.958784818649292,13.336838395031403
Explicit NNODEgHMC,0.2,autograd,banana,SynchronousLeapfrog,0.1,"[0.00088483 0.16941778 0.07379138 0.34853262 0.19250026 0.17007951
 0.15183559 0.10515337 0.07076021 0.26780605 0.10459353 0.00283639
 0.13663952 0.01352187 0.0345869  0.09808823 0.12335141 0.01460343
 0.04762666 0.10627196 0.01588573 0.05781646 0.02457053 0.02386738
 0.06386326 0.02161467 0.18043938 0.02714885 0.3570004  0.07163689
 0.0094788  0.17330128 0.16653754 0.35168448 0.02400653 0.12519826
 0.06108508 0.05551615 0.3193294  0.02885371 0.03845755 0.02532836
 0.05908966 0.09403685 0.32112283 0.08219489 0.00724077 0.16888992
 0.07489773 0.08534035 0.08687766 0.18415189 0.01161243 0.00538929
 0.02600203 0.11059867 0.00423768 0.15848881 0.05784314 0.04740185
 0.21821932 0.03977303 0.01015332 0.2302094  0.08674651 0.17059135
 0.18218677 0.0024714  0.02775999 0.02062983 0.25938964 0.1511812
 0.17936848 0.14432615 0.19970213 0.30083963 0.05275608 0.00890076
 0.15962331 0.1900145  0.0675113  0.00427894 0.0277458  0.16466504
 0.24170236 0.06525309 0.00802346 0.04871466 0.03348698 0.00761062
 0.18020672 0.01693607 0.02849367 0.12573518 0.07246508 0.06613487
 0.37179583 0.15662025 0.16904376 0.07788607]",tensor(1.6346e-14),26.034505128860474,1.6367442398231362
NNODEgHMC,0.2,autograd,banana,SynchronousLeapfrog,0.1,"[0.00088483 0.16941778 0.07379122 0.3485332  0.19250043 0.17007975
 0.15183559 0.10515337 0.07076021 0.26780635 0.10459353 0.00283639
 0.13664007 0.01352187 0.0345869  0.09808823 0.12335137 0.01460343
 0.04762666 0.10627212 0.01588573 0.05781646 0.02457053 0.02386738
 0.06386342 0.02161467 0.18043953 0.02714885 0.357001   0.07163689
 0.0094788  0.17330159 0.16653754 0.35168505 0.02400653 0.12519826
 0.06108508 0.05551615 0.31932995 0.02885371 0.03845755 0.02532836
 0.05908966 0.09403708 0.32112315 0.08219505 0.00724077 0.16889015
 0.07489789 0.08534035 0.08687766 0.18415229 0.01161243 0.00538929
 0.02600201 0.11059906 0.00423784 0.15848881 0.05784322 0.04740185
 0.21821973 0.03977318 0.01015332 0.23021011 0.08674651 0.17059183
 0.18218692 0.0024714  0.02775999 0.02062983 0.25939003 0.1511812
 0.17936872 0.14432639 0.19970235 0.30084002 0.05275632 0.00890092
 0.15962362 0.19001488 0.0675113  0.00427894 0.0277458  0.16466504
 0.24170284 0.06525309 0.00802346 0.04871466 0.03348706 0.00761062
 0.18020672 0.01693607 0.02849367 0.12573518 0.07246529 0.06613487
 0.37179637 0.15662025 0.16904439 0.07788607]",tensor(3.7558e-11),13.066845417022705,1.9157524227131293
HMC,0.2,autograd,gaussian,SynchronousLeapfrog,0.3,[0.03652491 0.10972732 0.12194236 0.06881451 0.02192922],tensor(8.1309e-15),8.606734037399292,2581.017683087325
NNgHMC,0.2,autograd,gaussian,SynchronousLeapfrog,0.3,[0.03639518 0.10892104 0.12293009 0.07246531 0.02336768],tensor(1.0694e-14),7.656294107437134,2512.927375330677
Explicit NNODEgHMC,0.2,autograd,gaussian,SynchronousLeapfrog,0.3,[0.00262296 0.08548611 0.3349964  0.68581426 1.014657  ],tensor(2.4331e-14),12.181583881378174,149.04512912672593
NNODEgHMC,0.2,autograd,gaussian,SynchronousLeapfrog,0.3,[0.00262296 0.06332187 0.14573109 0.11279809 0.04336087],tensor(1.9327e-14),6.0817625522613525,2448.1040010127367
HMC,0.2,autograd,high_dimensional_gaussian,SynchronousLeapfrog,0.1,[0.00093652 0.00185631 0.00225374 0.00318171 0.00192697],tensor(2.8903e-15),25.457018852233887,348.44479919638195
NNgHMC,0.2,autograd,high_dimensional_gaussian,SynchronousLeapfrog,0.1,[0.00103987 0.00242046 0.00351077 0.00538362 0.00529816],tensor(2.7299e-15),28.14314889907837,319.576395274816
Explicit NNODEgHMC,0.2,autograd,high_dimensional_gaussian,SynchronousLeapfrog,0.1,[0.0007326  0.0079102  0.03165677 0.075943   0.1377539 ],tensor(8.5620e-15),47.86049818992615,60.56459860014776
NNODEgHMC,0.2,autograd,high_dimensional_gaussian,SynchronousLeapfrog,0.1,[0.0007326  0.00165582 0.00292563 0.00543187 0.00635541],tensor(1.0696e-14),23.94926428794861,313.7667971108445
HMC,0.2,autograd,normal_normal,SynchronousLeapfrog,0.1,[0.07559716 0.07067794 0.15785141 0.09859576 0.08431762],tensor(1.1701e-15),39.74756693840027,560.8120956664113
NNgHMC,0.2,autograd,normal_normal,SynchronousLeapfrog,0.1,[0.07203713 0.06363214 0.20278665 0.06198502 0.14655547],tensor(3.3846e-15),31.362921476364136,592.1731511590762
Explicit NNODEgHMC,0.2,autograd,normal_normal,SynchronousLeapfrog,0.1,[0.08669792 0.06941677 0.30026957 0.32636246 0.8889146 ],tensor(2.0780e-14),33.843013763427734,241.17390603989492
NNODEgHMC,0.2,autograd,normal_normal,SynchronousLeapfrog,0.1,[0.08669792 0.07023734 0.19005087 0.06168887 0.13530001],tensor(1.3465e-14),20.666347980499268,603.2631016151419
HMC,0.30000000000000004,autograd,banana,SynchronousLeapfrog,0.1,"[       nan        nan 0.06334061 0.12503164 0.25869483 0.00818156
 0.05346019 0.2703015  0.2967247  0.20698205 0.221193   0.16598135
 0.2949028  0.10057018 0.26197615 0.3046063  0.29952142 0.19523168
 0.04623653 0.12515496 0.31178957 0.26739186 0.19882748 0.18340282
 0.30184165 0.13128571 0.27133527 0.26111507 0.3369162  0.19364375
 0.14527984 0.22473225 0.23761216 0.01688403 0.16605803 0.2845196
 0.24001077 0.12722279 0.06597319 0.04025842 0.04305049 0.13724156
 0.13653022 0.0997073  0.23169632 0.24566737 0.15809762 0.07829172
 0.04256868 0.11482849 0.26630014 0.14819957 0.27934664 0.22331786
 0.2856163  0.24637243 0.15310906 0.20286885 0.3615173  0.23152551
 0.03415608 0.20488551 0.29739007 0.24136119 0.17414346 0.30040383
 0.01441408 0.08264322 0.3151     0.27781284 0.28515628 0.3048484
 0.30999166 0.18448424 0.2781661  0.19777237 0.23342447 0.11536653
 0.20296606 0.10111739 0.2713236  0.12101497 0.14195648 0.21330042
 0.18126366 0.12125738 0.03942929 0.17658894 0.26165465 0.06734691
 0.0841054  0.21551463 0.24870054 0.28185365 0.29186782 0.12632485
 0.13570128 0.20514122 0.18941599 0.16274595]",tensor(nan),12.176098823547363,23.692852518766557
NNgHMC,0.30000000000000004,autograd,banana,SynchronousLeapfrog,0.1,"[0.00443169 0.23416455 0.06333366 0.1250528  0.25872827 0.00815748
 0.05342825 0.27033404 0.29674697 0.20699194 0.22121862 0.16600996
 0.29493564 0.10058467 0.26195922 0.30463362 0.2995495  0.19526362
 0.04622222 0.12514378 0.31182373 0.26742187 0.1988188  0.18338564
 0.30187035 0.13130507 0.2713397  0.2611445  0.3369291  0.19367005
 0.14530896 0.22474003 0.23764357 0.01694418 0.1660556  0.28453675
 0.2400395  0.12724416 0.06604977 0.04029872 0.04307548 0.13722241
 0.13654332 0.09971012 0.23172906 0.2456857  0.15811959 0.07825918
 0.04261714 0.11480008 0.26633188 0.1482285  0.2793789  0.2233491
 0.28565004 0.24639007 0.15313847 0.20290038 0.36154947 0.23154303
 0.03410862 0.20491724 0.29742473 0.24138923 0.1741747  0.30043304
 0.01437327 0.08272785 0.31512016 0.27784124 0.2851878  0.30488193
 0.31000617 0.18448566 0.2781971  0.19780421 0.2334561  0.11537348
 0.20298418 0.101133   0.2713535  0.12102978 0.14197986 0.21333084
 0.18128723 0.12123229 0.0394039  0.17659871 0.2616753  0.06731185
 0.08412827 0.2155464  0.24871698 0.28187674 0.29190013 0.1263035
 0.13568759 0.20513014 0.18940905 0.16277467]",tensor(2.9226e-13),10.099280834197998,4.6478548519557075
Explicit NNODEgHMC,0.30000000000000004,autograd,banana,SynchronousLeapfrog,0.1,"[0.00120626 0.24217048 0.06605722 0.13252695 0.2571604  0.00925744
 0.04601618 0.26792353 0.30273354 0.20600733 0.21998623 0.16213214
 0.29581153 0.10719524 0.26510748 0.30528954 0.2998948  0.19899677
 0.04603562 0.12736718 0.3102642  0.26753783 0.2038897  0.18644488
 0.2990184  0.13332625 0.2690884  0.2509467  0.33196017 0.1967779
 0.14938115 0.22844143 0.24272716 0.01265295 0.1660941  0.2844663
 0.24093671 0.13109529 0.06370707 0.03619822 0.04346189 0.13381845
 0.13887553 0.10043859 0.23419437 0.2419993  0.16033453 0.06935731
 0.04746143 0.11905052 0.2704372  0.14296132 0.27625826 0.22406618
 0.28880176 0.25206894 0.1557637  0.19888441 0.35988283 0.23367092
 0.03517251 0.19580962 0.2881161  0.23966125 0.18269077 0.29420254
 0.02201336 0.07942907 0.32490224 0.2744391  0.28169617 0.31418985
 0.31511927 0.18138687 0.28035897 0.205326   0.23289451 0.10926288
 0.19392897 0.08946948 0.2724071  0.12296178 0.14655563 0.2084542
 0.17395152 0.12969616 0.0436365  0.17696819 0.255763   0.0601305
 0.08346499 0.2172792  0.24893932 0.28437328 0.28779572 0.12175523
 0.1381666  0.20856746 0.19381061 0.1655879 ]",tensor(1.1896e-14),26.022006273269653,8.829220619849782
NNODEgHMC,0.30000000000000004,autograd,banana,SynchronousLeapfrog,0.1,"[0.00120666 0.24217078 0.06605722 0.13252714 0.2571606  0.00925734
 0.04601577 0.26792383 0.30273375 0.20600733 0.21998635 0.16213244
 0.29581195 0.10719524 0.26510727 0.30528975 0.29989535 0.19899727
 0.04603552 0.12736718 0.3102647  0.26753804 0.2038897  0.1864446
 0.29901862 0.13332655 0.2690884  0.250947   0.33196017 0.1967782
 0.14938146 0.22844143 0.24272737 0.01265345 0.166094   0.2844665
 0.24093692 0.13109548 0.06370778 0.03619862 0.04346209 0.13381805
 0.13887574 0.10043859 0.23419467 0.2419993  0.16033484 0.0693566
 0.04746214 0.1190502  0.27043754 0.14296183 0.27625877 0.22406647
 0.2888019  0.25206906 0.1557639  0.19888473 0.35988313 0.23367123
 0.03517161 0.19580983 0.2881166  0.23966143 0.18269108 0.29420274
 0.02201266 0.07942988 0.32490253 0.2744394  0.28169668 0.31419036
 0.31511927 0.18138687 0.28035915 0.20532651 0.23289499 0.10926288
 0.19392887 0.08946969 0.27240732 0.12296178 0.14655583 0.20845452
 0.17395182 0.12969576 0.0436363  0.17696838 0.2557632  0.06012989
 0.08346529 0.21727951 0.24893954 0.28437352 0.28779608 0.12175472
 0.1381666  0.20856726 0.1938104  0.1655881 ]",tensor(4.5412e-11),12.834256887435913,2.9350671743684495
HMC,0.30000000000000004,autograd,gaussian,SynchronousLeapfrog,0.3,[0.02763041 0.09658889 0.11372933 0.06056394 0.00379477],tensor(7.6455e-15),8.520425081253052,2408.789304032184
NNgHMC,0.30000000000000004,autograd,gaussian,SynchronousLeapfrog,0.3,[0.02768797 0.09720909 0.117211   0.06850258 0.00438975],tensor(1.0847e-14),7.706272840499878,2347.887683997253
Explicit NNODEgHMC,0.30000000000000004,autograd,gaussian,SynchronousLeapfrog,0.3,[0.0025522  0.07571608 0.32075503 0.7133876  1.1881758 ],tensor(1.9878e-14),12.27482271194458,142.9170691572676
NNODEgHMC,0.30000000000000004,autograd,gaussian,SynchronousLeapfrog,0.3,[0.0025522  0.05277448 0.13827622 0.1127257  0.02622023],tensor(2.0285e-14),6.380523204803467,2284.5586272925225
HMC,0.30000000000000004,autograd,high_dimensional_gaussian,SynchronousLeapfrog,0.1,[0.00123404 0.00168473 0.00249389 0.0024554  0.00418624],tensor(2.4310e-15),25.523401021957397,332.1914051680812
NNgHMC,0.30000000000000004,autograd,high_dimensional_gaussian,SynchronousLeapfrog,0.1,[0.00116379 0.00138287 0.00175415 0.00122153 0.00211475],tensor(2.2036e-15),28.9201443195343,298.334244915042
Explicit NNODEgHMC,0.30000000000000004,autograd,high_dimensional_gaussian,SynchronousLeapfrog,0.1,[0.00073969 0.00440498 0.01892145 0.04527038 0.08056977],tensor(8.2191e-15),55.32043218612671,64.27539576154722
NNODEgHMC,0.30000000000000004,autograd,high_dimensional_gaussian,SynchronousLeapfrog,0.1,[0.00073969 0.00099667 0.00165875 0.00104296 0.00130533],tensor(9.8063e-15),26.896204471588135,301.58763439802476
HMC,0.30000000000000004,autograd,normal_normal,SynchronousLeapfrog,0.1,[0.11203993 0.14732617 0.09930862 0.18487746 0.08980086],tensor(1.3228e-15),39.34448027610779,536.6064421934966
NNgHMC,0.30000000000000004,autograd,normal_normal,SynchronousLeapfrog,0.1,[0.10847454 0.13585907 0.08107411 0.12232078 0.1487105 ],tensor(2.5552e-15),32.3484582901001,576.8338645943963
Explicit NNODEgHMC,0.30000000000000004,autograd,normal_normal,SynchronousLeapfrog,0.1,[0.08106663 0.11948483 0.08369634 0.16498691 0.06916212],tensor(1.1330e-14),35.07418656349182,189.85900923730196
NNODEgHMC,0.30000000000000004,autograd,normal_normal,SynchronousLeapfrog,0.1,[0.08106663 0.11903296 0.08210726 0.13309668 0.15539299],tensor(8.3114e-15),21.946011066436768,598.1625449402604
HMC,0.4,autograd,banana,SynchronousLeapfrog,0.1,"[       nan        nan 0.06135065 0.13490959 0.02129619 0.24278207
 0.02444463 0.13129458 0.07569315 0.3089114  0.0827996  0.06555595
 0.13281141 0.0427433  0.03732057 0.02010822 0.11464305 0.13974002
 0.13261285 0.04964198 0.1674437  0.09294801 0.05065338 0.10806055
 0.138444   0.1156861  0.04529288 0.17622273 0.08475752 0.14221962
 0.06066976 0.04982246 0.1523068  0.15157452 0.20236596 0.08056436
 0.11984432 0.15944245 0.1303664  0.03078059 0.10387643 0.04850584
 0.08109315 0.1448307  0.0936842  0.05310989 0.1673852  0.09959201
 0.06780469 0.1884039  0.17166504 0.0231051  0.10612588 0.09419447
 0.24513741 0.07275977 0.07465756 0.12877493 0.08735619 0.1874322
 0.00717005 0.17156586 0.1324964  0.00261546 0.26109186 0.08483746
 0.13360618 0.15866128 0.05247662 0.15098661 0.02990167 0.17342074
 0.16557501 0.16793863 0.1467357  0.09397338 0.05230936 0.08559354
 0.10855784 0.13813841 0.12775879 0.13041212 0.01664642 0.0272499
 0.06928173 0.15461154 0.14731741 0.1832197  0.01695156 0.14538449
 0.17377481 0.07113308 0.06929852 0.20208125 0.10964699 0.12702523
 0.18796417 0.03602858 0.08488235 0.22769472]",tensor(nan),12.329626560211182,22.9993758992304
NNgHMC,0.4,autograd,banana,SynchronousLeapfrog,0.1,"[0.00365004 0.10162376 0.06137813 0.13493742 0.02130586 0.24286826
 0.0245003  0.13132067 0.07571221 0.30894336 0.08282423 0.06558178
 0.13282491 0.04277441 0.03733973 0.02011488 0.11469879 0.13976465
 0.13263412 0.04964371 0.16746195 0.09297265 0.05067482 0.10808034
 0.13847248 0.1157112  0.0452916  0.17625192 0.08478298 0.1422479
 0.06069549 0.04984756 0.15233591 0.1516009  0.20239499 0.08060151
 0.11987215 0.15945815 0.1303946  0.03076909 0.10389056 0.04853121
 0.08110639 0.14485916 0.09371122 0.05313708 0.16741468 0.09961957
 0.06781308 0.18843347 0.17169443 0.02311879 0.1061454  0.09422176
 0.24520907 0.07278459 0.07468366 0.12879883 0.08738101 0.1874613
 0.00722261 0.17159525 0.13252506 0.00259895 0.26117516 0.08486346
 0.13362645 0.15869047 0.05249934 0.15101445 0.02992184 0.17344302
 0.16559774 0.16796756 0.14676271 0.093995   0.05236083 0.08561946
 0.10863046 0.13816687 0.12782969 0.1304205  0.016605   0.0272624
 0.06927854 0.15463792 0.14734642 0.18324845 0.01696735 0.14540839
 0.17379935 0.07114001 0.06936394 0.2021079  0.109674   0.12705316
 0.18799438 0.03605622 0.0849068  0.22778586]",tensor(2.9247e-13),10.470777750015259,1.408646561861304
Explicit NNODEgHMC,0.4,autograd,banana,SynchronousLeapfrog,0.1,"[0.00056145 0.10879427 0.0639966  0.14226834 0.02001542 0.24193487
 0.0312997  0.12916775 0.08078975 0.30790165 0.08374877 0.06204634
 0.13361284 0.03692217 0.03995829 0.02066201 0.11436729 0.14328413
 0.13240463 0.05169033 0.16608007 0.09307548 0.05512767 0.1056565
 0.13595274 0.11765572 0.04706064 0.16680813 0.08062349 0.14517708
 0.06444737 0.05304309 0.15703604 0.15621892 0.20240183 0.08060297
 0.12068107 0.16330092 0.13291597 0.02679183 0.10343058 0.04536324
 0.07914207 0.14556552 0.09591323 0.04995424 0.16958037 0.09074918
 0.06262714 0.19272399 0.17547268 0.01841793 0.10342564 0.09486588
 0.24305257 0.0777258  0.07711388 0.1250684  0.08853823 0.18946877
 0.00620793 0.16289741 0.12432562 0.0012022  0.25519302 0.07955625
 0.14165853 0.16239299 0.06057029 0.14794374 0.0270434  0.18183544
 0.17015798 0.16495033 0.14870813 0.10085764 0.05273422 0.07975919
 0.11560307 0.12649252 0.1269621  0.13232386 0.02075937 0.02307654
 0.0752483  0.16302459 0.15173504 0.1835909  0.01206227 0.1379645
 0.1731128  0.07269882 0.069111   0.20442343 0.10610272 0.12256708
 0.19045016 0.03320068 0.08888406 0.22565384]",tensor(2.5448e-14),26.548250436782837,2.852833713449572
NNODEgHMC,0.4,autograd,banana,SynchronousLeapfrog,0.1,"[0.00056118 0.10879447 0.06399687 0.14226861 0.0200156  0.24193552
 0.03130006 0.12916803 0.08078975 0.30790183 0.08374895 0.06204652
 0.13361312 0.03692263 0.03995848 0.02066201 0.11436765 0.1432843
 0.13240471 0.05169051 0.16608016 0.09307567 0.05512794 0.10565668
 0.13595292 0.11765599 0.04706064 0.16680841 0.08062368 0.14517735
 0.06444764 0.05304327 0.15703623 0.1562191  0.20240209 0.08060333
 0.12068135 0.16330092 0.13291617 0.02679155 0.10343076 0.04536342
 0.07914226 0.1455658  0.09591351 0.04995432 0.16958083 0.09074936
 0.06262732 0.19272426 0.17547286 0.01841793 0.10342584 0.09486615
 0.24305308 0.07772598 0.07711416 0.12506859 0.08853842 0.18946905
 0.00620847 0.16289759 0.12432581 0.0012022  0.2551937  0.07955644
 0.1416588  0.16239317 0.06057057 0.14794402 0.02704358 0.18183562
 0.17015816 0.1649505  0.14870831 0.10085772 0.05273477 0.07975937
 0.11560407 0.1264927  0.12696292 0.13232414 0.0207591  0.02307654
 0.0752483  0.16302478 0.1517353  0.18359108 0.01206227 0.13796468
 0.17311299 0.07269908 0.06911164 0.20442367 0.10610298 0.12256755
 0.19045043 0.03320068 0.08888425 0.22565456]",tensor(4.5995e-11),13.148444414138794,2.7295597120825548
HMC,0.4,autograd,gaussian,SynchronousLeapfrog,0.3,[0.04184962 0.11211597 0.1186992  0.05736911 0.00487423],tensor(9.0272e-15),8.481420278549194,2262.139488455085
NNgHMC,0.4,autograd,gaussian,SynchronousLeapfrog,0.3,[0.04208467 0.11453321 0.12647235 0.06857095 0.00270551],tensor(1.0488e-14),7.847050666809082,2188.10027554388
Explicit NNODEgHMC,0.4,autograd,gaussian,SynchronousLeapfrog,0.3,[0.00257559 0.09484801 0.3459187  0.6946213  1.0225602 ],tensor(2.7033e-14),12.06137490272522,136.61406190703295
NNODEgHMC,0.4,autograd,gaussian,SynchronousLeapfrog,0.3,[0.00257559 0.06927541 0.15163904 0.11406145 0.02411632],tensor(1.8219e-14),6.510992527008057,2135.756183823885
HMC,0.4,autograd,high_dimensional_gaussian,SynchronousLeapfrog,0.1,[0.00099493 0.00190909 0.00215668 0.0028185  0.00126936],tensor(2.4979e-15),25.677874088287354,307.22428162607736
NNgHMC,0.4,autograd,high_dimensional_gaussian,SynchronousLeapfrog,0.1,[0.0010469  0.00217876 0.00276008 0.0038819  0.00284684],tensor(2.7665e-15),30.41145157814026,288.8822945300261
Explicit NNODEgHMC,0.4,autograd,high_dimensional_gaussian,SynchronousLeapfrog,0.1,[0.00072827 0.00700548 0.02399339 0.05263359 0.08999413],tensor(1.0376e-14),62.71034908294678,51.39686515670394
NNODEgHMC,0.4,autograd,high_dimensional_gaussian,SynchronousLeapfrog,0.1,[0.00072827 0.0016333  0.00245515 0.00412204 0.00387947],tensor(1.0673e-14),29.957726001739502,288.44929958204796
HMC,0.4,autograd,normal_normal,SynchronousLeapfrog,0.1,[0.07005461 0.05822555 0.06326535 0.2198351  0.19544281],tensor(7.7985e-16),39.15575885772705,512.2646934726666
NNgHMC,0.4,autograd,normal_normal,SynchronousLeapfrog,0.1,[0.10794573 0.24012735 0.46074387 0.27328166 0.29905942],tensor(3.8413e-15),32.992769956588745,559.6013416039128
Explicit NNODEgHMC,0.4,autograd,normal_normal,SynchronousLeapfrog,0.1,[0.06897116 0.16455382 0.63919604 0.91087186 1.8377107 ],tensor(1.6459e-14),36.79408240318298,176.65024271020738
NNODEgHMC,0.4,autograd,normal_normal,SynchronousLeapfrog,0.1,[0.06897116 0.14200449 0.43632424 0.29778385 0.30899537],tensor(1.3121e-14),23.010044813156128,551.3366884443636
HMC,0.5,autograd,banana,SynchronousLeapfrog,0.1,"[       nan        nan 0.09106031 0.02599827 0.04183298 0.14686441
 0.01689217 0.10996328 0.02645149 0.04389333 0.0792198  0.12548761
 0.00714721 0.01246753 0.05357404 0.10517218 0.1173249  0.07540315
 0.07964223 0.0462341  0.00169498 0.23161045 0.02492504 0.19443956
 0.09476082 0.062698   0.06682778 0.05207672 0.0501729  0.15156639
 0.03511505 0.24513641 0.08791556 0.07802985 0.06665173 0.20806284
 0.05397679 0.03851819 0.00773351 0.05392998 0.13980147 0.2010457
 0.21657245 0.02194641 0.06378015 0.0682647  0.0689588  0.03634371
 0.02812361 0.0261306  0.19240107 0.1367837  0.01477025 0.04050511
 0.20938209 0.04538665 0.09737267 0.09121742 0.08754428 0.1779422
 0.05145229 0.01671871 0.06822064 0.00301985 0.01644729 0.10258219
 0.1143255  0.06277734 0.0606958  0.00594767 0.03872428 0.10978421
 0.20052424 0.04184249 0.1158884  0.17997009 0.0723002  0.06301029
 0.12236319 0.06738587 0.05240812 0.05444043 0.1208794  0.17911889
 0.06901236 0.02380493 0.04317395 0.14875671 0.09803907 0.01655451
 0.04763322 0.1327598  0.09994706 0.09558865 0.01624588 0.17775406
 0.017229   0.01349019 0.0123231  0.05589513]",tensor(nan),12.177009105682373,17.188838183542344
NNgHMC,0.5,autograd,banana,SynchronousLeapfrog,0.1,"[0.00305114 0.00551722 0.09106565 0.0259991  0.041846   0.14689736
 0.01689    0.10997461 0.02643906 0.04390609 0.07923365 0.12550046
 0.00715939 0.01245601 0.05356278 0.10527547 0.11732683 0.07546773
 0.07965683 0.04622534 0.00170758 0.23167494 0.02498053 0.19456537
 0.09477125 0.0627111  0.06687075 0.0520818  0.05021044 0.15158132
 0.03512723 0.24519749 0.08792733 0.07804061 0.06667526 0.20811506
 0.05398663 0.03850635 0.00772091 0.05391421 0.13981532 0.20115015
 0.21667874 0.02194984 0.06379192 0.06826294 0.06899901 0.03634988
 0.02812695 0.02612092 0.19250412 0.13683927 0.01477442 0.04051813
 0.20950088 0.0453995  0.09743517 0.09127048 0.08755796 0.17797498
 0.05144494 0.0167117  0.06821696 0.00303203 0.0164493  0.10261756
 0.11441991 0.06278285 0.06070422 0.00593991 0.03873421 0.10987823
 0.20055084 0.04185451 0.11596658 0.18007639 0.07229502 0.06302364
 0.12244312 0.06739822 0.05249006 0.05444102 0.12088457 0.1791812
 0.06901011 0.02379291 0.04316252 0.14883898 0.09803773 0.01654383
 0.04764465 0.13285358 0.09995407 0.09559719 0.01625514 0.17787348
 0.01721673 0.01348677 0.012307   0.05588369]",tensor(1.6998e-15),10.596320390701294,29.499708019133443
Explicit NNODEgHMC,0.5,autograd,banana,SynchronousLeapfrog,0.1,"[2.37789809e-05 9.89372493e-04 8.87570903e-02 3.26701514e-02
 4.05626036e-02 1.45958811e-01 2.36333869e-02 1.07913598e-01
 2.18272693e-02 4.30598967e-02 7.81711042e-02 1.21913001e-01
 7.86558632e-03 6.64176140e-03 5.11663631e-02 1.04680166e-01
 1.17056750e-01 7.24400356e-02 7.98165277e-02 4.43696603e-02
 5.05949953e-04 2.31514663e-01 2.07891688e-02 1.92264572e-01
 9.23959389e-02 6.45550936e-02 6.85281008e-02 4.36086431e-02
 5.38323596e-02 1.49251238e-01 3.87407988e-02 2.42677972e-01
 9.23444629e-02 8.23521987e-02 6.66225329e-02 2.08096355e-01
 5.47587387e-02 3.52394469e-02 1.00212963e-02 5.80812879e-02
 1.39354751e-01 2.03552082e-01 2.14876801e-01 2.13078856e-02
 6.59148321e-02 7.10807964e-02 6.71455860e-02 2.80725453e-02
 3.28415260e-02 2.24908274e-02 1.89584062e-01 1.40817866e-01
 1.22937327e-02 4.11371365e-02 2.07267433e-01 5.01482859e-02
 9.52660218e-02 9.42995101e-02 8.62270892e-02 1.76429272e-01
 5.05395904e-02 9.09666996e-03 7.51249716e-02 1.63774600e-03
 2.37636287e-02 1.07063070e-01 1.07778862e-01 6.61979318e-02
 6.86543360e-02 8.61374754e-03 3.59100960e-02 1.03092633e-01
 1.97145522e-01 3.91608104e-02 1.14301637e-01 1.74544066e-01
 7.27086142e-02 5.73952012e-02 1.29171088e-01 5.65338135e-02
 5.15791960e-02 5.62149286e-02 1.17273092e-01 1.82570010e-01
 6.25413060e-02 1.65489167e-02 3.94030213e-02 1.48472950e-01
 1.02409050e-01 2.30265632e-02 4.70386632e-02 1.31452292e-01
 9.97702628e-02 9.77250934e-02 1.30005945e-02 1.81197912e-01
 1.51195945e-02 1.63602717e-02 1.60375461e-02 5.35760447e-02]",tensor(1.1750e-12),27.620002269744873,1.3793814666288968
NNODEgHMC,0.5,autograd,banana,SynchronousLeapfrog,0.1,"[2.37789809e-05 9.89372493e-04 8.87570083e-02 3.26701514e-02
 4.05626036e-02 1.45958975e-01 2.36333869e-02 1.07913770e-01
 2.18272693e-02 4.30598967e-02 7.81711042e-02 1.21913001e-01
 7.86575302e-03 6.64176140e-03 5.11661880e-02 1.04680672e-01
 1.17056750e-01 7.24404529e-02 7.98167735e-02 4.43694927e-02
 5.06116834e-04 2.31514901e-01 2.07896698e-02 1.92265183e-01
 9.23959389e-02 6.45550936e-02 6.85283542e-02 4.36086431e-02
 5.38327768e-02 1.49251238e-01 3.87407988e-02 2.42678255e-01
 9.23444629e-02 8.23521987e-02 6.66227788e-02 2.08096534e-01
 5.47587387e-02 3.52394469e-02 1.00212963e-02 5.80812879e-02
 1.39354751e-01 2.03552678e-01 2.14877129e-01 2.13078856e-02
 6.59150854e-02 7.10807964e-02 6.71460032e-02 2.80725453e-02
 3.28415260e-02 2.24908274e-02 1.89584345e-01 1.40818283e-01
 1.22935660e-02 4.11373042e-02 2.07268000e-01 5.01482859e-02
 9.52664390e-02 9.42998454e-02 8.62270892e-02 1.76429436e-01
 5.05395904e-02 9.09650326e-03 7.51249716e-02 1.63774600e-03
 2.37634610e-02 1.07063234e-01 1.07779279e-01 6.61979318e-02
 6.86545819e-02 8.61374754e-03 3.59100960e-02 1.03093304e-01
 1.97145522e-01 3.91608104e-02 1.14302233e-01 1.74544603e-01
 7.27086142e-02 5.73952012e-02 1.29171506e-01 5.65338135e-02
 5.15796132e-02 5.62147610e-02 1.17273092e-01 1.82570338e-01
 6.25411421e-02 1.65487509e-02 3.94030213e-02 1.48473293e-01
 1.02409050e-01 2.30265632e-02 4.70389128e-02 1.31452799e-01
 9.97702628e-02 9.77250412e-02 1.30005945e-02 1.81198478e-01
 1.51195945e-02 1.63602717e-02 1.60373785e-02 5.35760447e-02]",tensor(3.4062e-11),13.294579267501831,30.83469289058995
HMC,0.5,autograd,gaussian,SynchronousLeapfrog,0.3,[0.03549042 0.11112186 0.13027078 0.08142716 0.02802412],tensor(1.0764e-14),8.47978162765503,2110.2330151772644
NNgHMC,0.5,autograd,gaussian,SynchronousLeapfrog,0.3,[0.03525528 0.1100745  0.12975858 0.08309013 0.03006118],tensor(9.2688e-15),7.975836992263794,2052.532338728965
Explicit NNODEgHMC,0.5,autograd,gaussian,SynchronousLeapfrog,0.3,[0.00265451 0.08551461 0.33850017 0.70383894 1.0628657 ],tensor(2.2283e-14),12.139537334442139,134.73912837436583
NNODEgHMC,0.5,autograd,gaussian,SynchronousLeapfrog,0.3,[0.00265451 0.06234956 0.15033585 0.12441012 0.05092677],tensor(1.3895e-14),6.779836893081665,1987.3558891023551
HMC,0.5,autograd,high_dimensional_gaussian,SynchronousLeapfrog,0.1,[0.00091843 0.00106871 0.00160681 0.00154446 0.00330916],tensor(2.7645e-15),25.437042951583862,289.8736422516401
NNgHMC,0.5,autograd,high_dimensional_gaussian,SynchronousLeapfrog,0.1,[0.00088333 0.00092825 0.00120292 0.0009292  0.0020574 ],tensor(3.0725e-15),31.886271476745605,267.1191262431493
Explicit NNODEgHMC,0.5,autograd,high_dimensional_gaussian,SynchronousLeapfrog,0.1,[0.00073551 0.00456611 0.01917996 0.04568734 0.081213  ],tensor(9.2136e-15),71.23806548118591,48.279417480692764
NNODEgHMC,0.5,autograd,high_dimensional_gaussian,SynchronousLeapfrog,0.1,[0.00073551 0.00074308 0.00113097 0.00079987 0.00129007],tensor(1.0040e-14),33.60982537269592,267.99132448160293
HMC,0.5,autograd,normal_normal,SynchronousLeapfrog,0.1,[0.05173242 0.05185067 0.06022216 0.18209878 0.2161795 ],tensor(7.5323e-16),39.042280197143555,487.95938189471394
NNgHMC,0.5,autograd,normal_normal,SynchronousLeapfrog,0.1,[0.0536662  0.1378316  0.39462903 0.37283084 0.6130027 ],tensor(2.1584e-15),33.191564321517944,526.6389653525732
Explicit NNODEgHMC,0.5,autograd,normal_normal,SynchronousLeapfrog,0.1,[0.06447212 0.06475066 0.3635902  0.5095522  1.1762667 ],tensor(1.6516e-14),38.229323863983154,178.1909345882243
NNODEgHMC,0.5,autograd,normal_normal,SynchronousLeapfrog,0.1,[0.06447212 0.06081852 0.3213539  0.34317902 0.6101303 ],tensor(1.1262e-14),24.48496985435486,535.1803526093813
HMC,0.6,autograd,banana,SynchronousLeapfrog,0.1,"[           nan            nan 1.28145739e-01 7.03521892e-02
 2.50173062e-02 1.22799590e-01 3.57547365e-02 1.21353269e-01
 1.25998691e-01 2.35928949e-02 5.19775078e-02 4.69671711e-02
 6.73827082e-02 2.89280452e-02 9.76008251e-02 7.40268081e-02
 1.00442544e-01 1.40803292e-01 2.24598628e-02 3.19615356e-05
 7.89380632e-03 1.13181338e-01 2.49647275e-02 1.29296884e-01
 2.05898099e-02 1.17537025e-02 1.14092194e-01 8.90167654e-02
 8.74608755e-02 1.09363452e-01 9.64863300e-02 1.85707752e-02
 1.26193061e-01 7.80110881e-02 1.19920030e-01 1.66631415e-01
 2.62273401e-02 2.40371525e-02 1.60430446e-02 6.43364862e-02
 1.15708634e-01 2.27522299e-01 1.25155136e-01 1.80687383e-01
 2.49911472e-02 1.26834109e-01 8.48816931e-02 9.63976234e-02
 7.96377510e-02 4.00568098e-02 5.80399819e-02 8.28505307e-03
 1.08991861e-01 8.60673860e-02 1.15201041e-01 1.19116209e-01
 3.46909985e-02 7.27811754e-02 1.01220012e-01 8.10541064e-02
 1.19380213e-01 5.99582791e-02 3.75440568e-02 1.10430643e-01
 4.53656279e-02 9.61262584e-02 9.87211242e-02 1.13455735e-01
 2.82117240e-02 1.63073987e-02 2.54367013e-03 4.38284390e-02
 1.36397794e-01 3.59960496e-02 3.92875681e-03 8.53090584e-02
 1.31981820e-01 2.62958519e-02 7.52161369e-02 1.16309226e-01
 4.49134037e-02 1.12907544e-01 5.20973001e-03 1.17997825e-01
 3.24971713e-02 9.15340111e-02 2.78913323e-02 4.58061621e-02
 7.31474757e-02 3.74542400e-02 1.76520348e-01 6.81075156e-02
 6.55901805e-02 1.29982874e-01 6.47512078e-02 4.39362824e-02
 8.08273405e-02 2.04834454e-02 6.35507926e-02 1.04075940e-02]",tensor(nan),12.1192626953125,17.466320756661034
NNgHMC,0.6,autograd,banana,SynchronousLeapfrog,0.1,"[3.45565681e-03 6.21838942e-02 1.28162205e-01 7.03845844e-02
 2.50438098e-02 1.22832075e-01 3.57250273e-02 1.21369377e-01
 1.26031861e-01 2.36262437e-02 5.20083420e-02 4.69917692e-02
 6.73653856e-02 2.89036185e-02 9.76332203e-02 7.40589425e-02
 1.00524567e-01 1.40836030e-01 2.24471316e-02 1.89690400e-05
 7.96154048e-03 1.13213554e-01 2.49758139e-02 1.29307881e-01
 2.06537340e-02 1.17834983e-02 1.14125535e-01 8.90496746e-02
 8.74931812e-02 1.09371677e-01 9.65171605e-02 1.85444448e-02
 1.26225367e-01 7.80393258e-02 1.19953372e-01 1.66665450e-01
 2.62548868e-02 2.40116864e-02 1.60724930e-02 6.43682778e-02
 1.15795948e-01 2.27557629e-01 1.25188306e-01 1.80784225e-01
 2.50122808e-02 1.26867369e-01 8.49680454e-02 9.64297578e-02
 7.96495304e-02 4.00879048e-02 5.80720231e-02 8.30774661e-03
 1.09081246e-01 8.60925913e-02 1.15303777e-01 1.19149305e-01
 3.46767902e-02 7.28131384e-02 1.01249024e-01 8.10869336e-02
 1.19403519e-01 5.99900670e-02 3.75454463e-02 1.10462949e-01
 4.53903154e-02 9.61453170e-02 9.87767279e-02 1.13473400e-01
 2.82021109e-02 1.63287055e-02 2.56826938e-03 4.38333787e-02
 1.36474878e-01 3.60255875e-02 3.90060665e-03 8.53378177e-02
 1.32006332e-01 2.63197608e-02 7.52420351e-02 1.16340145e-01
 4.49069068e-02 1.13010444e-01 5.23173064e-03 1.18027881e-01
 3.25217694e-02 9.15607810e-02 2.79076155e-02 4.58377786e-02
 7.31265172e-02 3.74836028e-02 1.76621258e-01 6.81373104e-02
 6.56208396e-02 1.30015805e-01 6.47501722e-02 4.39333357e-02
 8.08463097e-02 2.04818863e-02 6.35824054e-02 1.04112318e-02]",tensor(1.3552e-15),11.37248158454895,1.3741189430191216
Explicit NNODEgHMC,0.6,autograd,banana,SynchronousLeapfrog,0.1,"[3.58419580e-04 6.90649748e-02 1.25891462e-01 7.73033425e-02
 2.37502772e-02 1.23923182e-01 4.24618088e-02 1.19268224e-01
 1.31202787e-01 2.43939254e-02 5.09388037e-02 4.35491055e-02
 6.66974857e-02 2.31190138e-02 1.00316167e-01 7.45952725e-02
 1.00170910e-01 1.44303203e-01 2.22694799e-02 1.91795197e-03
 9.08513088e-03 1.13308921e-01 2.92991102e-02 1.26966462e-01
 2.27858014e-02 1.35609582e-02 1.12133190e-01 8.02451819e-02
 8.33731741e-02 1.06940009e-01 1.00307152e-01 1.55485477e-02
 1.30781144e-01 8.23741406e-02 1.19953796e-01 1.66584551e-01
 2.70006545e-02 2.06902865e-02 1.83663629e-02 6.85584396e-02
 1.16081096e-01 2.24032596e-01 1.27396509e-01 1.80122480e-01
 2.29722001e-02 1.23557746e-01 8.30745250e-02 8.76888409e-02
 8.42100680e-02 4.39155810e-02 6.15220554e-02 3.70952999e-03
 1.11260965e-01 8.67263675e-02 1.12879202e-01 1.24174200e-01
 3.24533433e-02 6.92599490e-02 9.98775437e-02 8.29278827e-02
 1.20420478e-01 5.20203002e-02 4.46823053e-02 1.08925082e-01
 5.29079437e-02 1.00673296e-01 9.20252278e-02 1.10440180e-01
 2.06874255e-02 1.35710929e-02 2.21392067e-04 5.14374487e-02
 1.32782161e-01 3.32993269e-02 2.17676233e-03 9.20628160e-02
 1.32373676e-01 2.07745638e-02 6.72172680e-02 1.04980722e-01
 4.40709703e-02 1.11332677e-01 9.23463143e-03 1.13609053e-01
 2.61327568e-02 9.94955525e-02 3.19074839e-02 4.61404137e-02
 6.81221560e-02 3.06537095e-02 1.77020729e-01 6.96493760e-02
 6.57939836e-02 1.32188991e-01 6.78286105e-02 3.97803299e-02
 8.31139311e-02 1.76592246e-02 6.74418658e-02 7.98267499e-03]",tensor(5.9741e-15),28.039994716644287,4.765405401325207
NNODEgHMC,0.6,autograd,banana,SynchronousLeapfrog,0.1,"[3.58852674e-04 6.90651536e-02 1.25891626e-01 7.73035139e-02
 2.37504505e-02 1.23923346e-01 4.24616337e-02 1.19268224e-01
 1.31203055e-01 2.43942719e-02 5.09389751e-02 4.35493663e-02
 6.66974857e-02 2.31188405e-02 1.00316428e-01 7.45957047e-02
 1.00171626e-01 1.44303635e-01 2.22693067e-02 1.91795197e-03
 9.08573717e-03 1.13309361e-01 2.92991102e-02 1.26966625e-01
 2.27863211e-02 1.35610448e-02 1.12133458e-01 8.02453607e-02
 8.33733529e-02 1.06940009e-01 1.00307599e-01 1.55482888e-02
 1.30781397e-01 8.23743120e-02 1.19954064e-01 1.66584730e-01
 2.70008259e-02 2.06901133e-02 1.83666218e-02 6.85586184e-02
 1.16081692e-01 2.24032789e-01 1.27396941e-01 1.80123344e-01
 2.29723733e-02 1.23557910e-01 8.30751285e-02 8.76891017e-02
 8.42103288e-02 4.39157523e-02 6.15222268e-02 3.70952999e-03
 1.11261740e-01 8.67266282e-02 1.12880036e-01 1.24174453e-01
 3.24533433e-02 6.92602098e-02 9.98777151e-02 8.29281434e-02
 1.20420560e-01 5.20204715e-02 4.46824804e-02 1.08925246e-01
 5.29082045e-02 1.00673378e-01 9.20258313e-02 1.10440351e-01
 2.06874255e-02 1.35710929e-02 2.21218841e-04 5.14374487e-02
 1.32782683e-01 3.32996733e-02 2.17632926e-03 9.20630768e-02
 1.32373840e-01 2.07748245e-02 6.72174394e-02 1.04980901e-01
 4.40707095e-02 1.11333273e-01 9.23463143e-03 1.13609217e-01
 2.61329301e-02 9.94958133e-02 3.19074839e-02 4.61405888e-02
 6.81218952e-02 3.06541417e-02 1.77021429e-01 6.96496367e-02
 6.57942444e-02 1.32189125e-01 6.78286105e-02 3.97803299e-02
 8.31141099e-02 1.76592246e-02 6.74420446e-02 7.98267499e-03]",tensor(3.7845e-11),13.250222206115723,20.426497875987373
HMC,0.6,autograd,gaussian,SynchronousLeapfrog,0.3,[0.04298706 0.10359478 0.09581102 0.03383828 0.00588015],tensor(9.8612e-15),8.320854187011719,1950.1574220844404
NNgHMC,0.6,autograd,gaussian,SynchronousLeapfrog,0.3,[0.04302843 0.10423224 0.09903953 0.03850843 0.00495503],tensor(6.9439e-15),7.915449857711792,1903.9153009926933
Explicit NNODEgHMC,0.6,autograd,gaussian,SynchronousLeapfrog,0.3,[0.00253093 0.09931872 0.3675934  0.7757729  1.2523873 ],tensor(2.2982e-14),12.377705574035645,113.31904545495762
NNODEgHMC,0.6,autograd,gaussian,SynchronousLeapfrog,0.3,[0.00253093 0.06931169 0.13281608 0.080996   0.01393825],tensor(1.5549e-14),6.994597673416138,1840.239502987314
HMC,0.6,autograd,high_dimensional_gaussian,SynchronousLeapfrog,0.1,[0.0007821  0.00185392 0.00280908 0.00466022 0.00460728],tensor(2.5209e-15),25.94486927986145,271.309036603176
NNgHMC,0.6,autograd,high_dimensional_gaussian,SynchronousLeapfrog,0.1,[0.00079077 0.00191204 0.00293539 0.00487841 0.00493928],tensor(2.7206e-15),32.42492365837097,255.6940874935775
Explicit NNODEgHMC,0.6,autograd,high_dimensional_gaussian,SynchronousLeapfrog,0.1,[0.00074655 0.00649252 0.02323729 0.05195386 0.08967935],tensor(1.0254e-14),80.13221216201782,48.697321401800316
NNODEgHMC,0.6,autograd,high_dimensional_gaussian,SynchronousLeapfrog,0.1,[0.00074655 0.00128675 0.00230369 0.00475718 0.00573907],tensor(1.1272e-14),36.892502307891846,252.62942680485722
HMC,0.6,autograd,normal_normal,SynchronousLeapfrog,0.1,[0.05880931 0.06023795 0.13400045 0.10320532 0.0956398 ],tensor(7.4484e-16),38.75374913215637,466.9257310166596
NNgHMC,0.6,autograd,normal_normal,SynchronousLeapfrog,0.1,[0.06245998 0.13077624 0.3862869  0.31052604 0.5121044 ],tensor(3.0764e-15),33.59048390388489,483.6971415896953
Explicit NNODEgHMC,0.6,autograd,normal_normal,SynchronousLeapfrog,0.1,[0.07323948 0.06387319 0.3548228  0.44411534 1.0409805 ],tensor(1.2417e-14),41.0865318775177,169.9541219227198
NNODEgHMC,0.6,autograd,normal_normal,SynchronousLeapfrog,0.1,[0.07323948 0.06503543 0.3276623  0.30073228 0.5259288 ],tensor(1.4174e-14),25.604673624038696,491.97848392194146
HMC,0.7000000000000001,autograd,banana,SynchronousLeapfrog,0.1,"[       nan        nan 0.20057091 0.1262619  0.06130727 0.08820728
 0.11313388 0.02572638 0.10594045 0.03421259 0.03194933 0.18394774
 0.1610624  0.09234304 0.21264306 0.13201177 0.11105859 0.14002348
 0.10884706 0.15516227 0.0348963  0.1711859  0.15725341 0.01672575
 0.15986975 0.06332254 0.0094641  0.12441926 0.050667   0.21915635
 0.08400101 0.05013732 0.04945926 0.02190947 0.08696579 0.01108878
 0.07542112 0.04036292 0.03291761 0.01337179 0.00106126 0.09363547
 0.10874166 0.06111013 0.03765513 0.08943273 0.058139   0.0308187
 0.07533942 0.06470759 0.12093295 0.04598597 0.11957715 0.09275541
 0.02269136 0.0988748  0.09725013 0.16811104 0.08191771 0.11973216
 0.05241328 0.04969677 0.0993261  0.04999853 0.09536211 0.08381665
 0.06865855 0.03813482 0.2739588  0.02744853 0.04265333 0.1083923
 0.10963371 0.01083514 0.15062296 0.07722576 0.02921571 0.11719403
 0.14214106 0.01108781 0.04931763 0.27028522 0.09949568 0.10078211
 0.00940779 0.07789712 0.01924371 0.14627631 0.14807169 0.09487105
 0.0034725  0.03774713 0.09221288 0.11520104 0.113695   0.09667128
 0.06789843 0.03715014 0.16042805 0.11602516]",tensor(nan),12.060441970825195,16.037065921654712
NNgHMC,0.7000000000000001,autograd,banana,SynchronousLeapfrog,0.1,"[0.00258009 0.10272141 0.20059082 0.12628129 0.06132543 0.08822597
 0.11315336 0.02571501 0.10595612 0.03422978 0.03195814 0.1840215
 0.16108206 0.0923619  0.21270597 0.13203098 0.11107381 0.1400546
 0.10885693 0.15517744 0.03488864 0.17124653 0.15727237 0.01672029
 0.15988983 0.06333207 0.00946023 0.12442641 0.05068339 0.21922512
 0.08401661 0.05015583 0.04947063 0.02192145 0.08697796 0.01109777
 0.0754376  0.04036459 0.03295956 0.01337901 0.00107889 0.09365028
 0.10880573 0.06112767 0.03763248 0.08945177 0.05815487 0.03082117
 0.07535282 0.06472619 0.12095233 0.04600377 0.1195962  0.09277127
 0.02272588 0.09889375 0.09726581 0.16813008 0.08193622 0.11975104
 0.0524042  0.04967368 0.09934479 0.05001606 0.09535274 0.08383383
 0.06867529 0.03815262 0.2740291  0.02746069 0.04265456 0.10840676
 0.10967525 0.0108258  0.15063336 0.07724382 0.02922752 0.11721333
 0.14220522 0.01106075 0.04933508 0.27034187 0.09956221 0.10080107
 0.00939571 0.07791184 0.01923261 0.14629446 0.1480917  0.09488886
 0.00347761 0.03776114 0.09222531 0.11522045 0.11372796 0.09669041
 0.06791791 0.03713428 0.1604461  0.11604412]",tensor(3.3348e-15),10.912040948867798,1.9790090820472592
Explicit NNODEgHMC,0.7000000000000001,autograd,banana,SynchronousLeapfrog,0.1,"[0.00048639 0.09652781 0.20344684 0.13351473 0.06000119 0.08930917
 0.10563322 0.02761121 0.11109791 0.03337315 0.0309212  0.18679628
 0.16187233 0.09871316 0.2105153  0.13260585 0.11137948 0.13717742
 0.10864357 0.15734376 0.03606861 0.1710835  0.16202116 0.01416302
 0.15736605 0.06160947 0.01126566 0.11539546 0.04666589 0.21695013
 0.08780602 0.05333186 0.05383068 0.0261197  0.08699893 0.01104709
 0.07470304 0.04388988 0.03066818 0.01745926 0.00065049 0.09042058
 0.10684862 0.06179851 0.03977923 0.08622409 0.06016062 0.02246627
 0.07018056 0.06865221 0.1245847  0.04126273 0.11687543 0.09342035
 0.02018027 0.10388666 0.09972252 0.16434129 0.08058695 0.12166425
 0.0534103  0.04178234 0.09140525 0.04854843 0.10320656 0.07858498
 0.07629572 0.04154219 0.267881   0.03010732 0.03979139 0.11638568
 0.10592079 0.01345199 0.15258236 0.07121591 0.02964455 0.11128499
 0.14892654 0.00052323 0.05022519 0.26891997 0.09577192 0.09642488
 0.01560491 0.08581895 0.01534925 0.14663562 0.14276397 0.0877602
 0.00288793 0.03926288 0.09242175 0.11739556 0.11666367 0.09234111
 0.06584333 0.04011096 0.16459906 0.11868976]",tensor(3.3322e-14),29.773845672607422,7.372233016657728
NNODEgHMC,0.7000000000000001,autograd,banana,SynchronousLeapfrog,0.1,"[0.00048657 0.09652834 0.20344703 0.133515   0.06000119 0.08930944
 0.1056334  0.02761121 0.11109791 0.03337315 0.0309212  0.18679671
 0.16187224 0.09871316 0.21051577 0.13260585 0.1113797  0.13717759
 0.10864357 0.15734376 0.03606843 0.17108402 0.16202143 0.01416302
 0.15736632 0.06160939 0.01126566 0.11539546 0.04666589 0.21695065
 0.08780602 0.05333186 0.05383085 0.0261197  0.08699893 0.01104709
 0.07470304 0.04389006 0.03066835 0.01745926 0.00065049 0.09042058
 0.10684924 0.06179868 0.03977923 0.08622409 0.06016079 0.02246627
 0.07018073 0.06865238 0.1245846  0.04126273 0.11687569 0.09342061
 0.02018067 0.10388694 0.09972279 0.16434146 0.08058721 0.12166425
 0.0534103  0.04178208 0.09140542 0.04854843 0.10320642 0.07858516
 0.07629599 0.04154227 0.26788148 0.03010732 0.03979139 0.11638568
 0.10592103 0.01345172 0.15258263 0.07121608 0.02964455 0.11128499
 0.14892724 0.00052305 0.05022546 0.26892045 0.09577236 0.09642488
 0.01560474 0.08581895 0.01534925 0.14663553 0.14276415 0.0877602
 0.00288793 0.03926314 0.09242175 0.11739552 0.11666375 0.09234128
 0.06584333 0.04011096 0.16459924 0.11868976]",tensor(4.1629e-11),13.7026948928833,1.8053905061784175
HMC,0.7000000000000001,autograd,gaussian,SynchronousLeapfrog,0.3,[0.05024829 0.1237151  0.12914592 0.07770779 0.04376088],tensor(9.8092e-15),8.570120811462402,1800.1209632904727
NNgHMC,0.7000000000000001,autograd,gaussian,SynchronousLeapfrog,0.3,[0.04983725 0.12247266 0.12920402 0.08025154 0.04619205],tensor(9.0138e-15),8.112971544265747,1749.167210996344
Explicit NNODEgHMC,0.7000000000000001,autograd,gaussian,SynchronousLeapfrog,0.3,[0.00264687 0.10911949 0.39800653 0.8382589  1.3434308 ],tensor(2.0733e-14),12.524247407913208,111.96807008466355
NNODEgHMC,0.7000000000000001,autograd,gaussian,SynchronousLeapfrog,0.3,[0.00264687 0.07863425 0.1560167  0.11804451 0.06483941],tensor(1.9701e-14),7.224043607711792,1705.8918150892487
HMC,0.7000000000000001,autograd,high_dimensional_gaussian,SynchronousLeapfrog,0.1,[0.00069409 0.00084606 0.00071373 0.00071874 0.00214761],tensor(2.9083e-15),25.67918634414673,257.82867806246713
NNgHMC,0.7000000000000001,autograd,high_dimensional_gaussian,SynchronousLeapfrog,0.1,[0.00070704 0.00098594 0.00087743 0.00109427 0.00101647],tensor(2.8001e-15),33.37177038192749,235.58598595636562
Explicit NNODEgHMC,0.7000000000000001,autograd,high_dimensional_gaussian,SynchronousLeapfrog,0.1,[0.00072447 0.00630983 0.02247649 0.05013303 0.08638426],tensor(9.8490e-15),88.8830316066742,47.432062972688314
NNODEgHMC,0.7000000000000001,autograd,high_dimensional_gaussian,SynchronousLeapfrog,0.1,[0.00072447 0.00093751 0.00083534 0.00121078 0.00074233],tensor(1.0292e-14),40.4649338722229,235.2396314386675
HMC,0.7000000000000001,autograd,normal_normal,SynchronousLeapfrog,0.1,[0.06362759 0.05989295 0.14046623 0.08369225 0.07299683],tensor(1.1142e-15),38.790648460388184,448.9674436826701
NNgHMC,0.7000000000000001,autograd,normal_normal,SynchronousLeapfrog,0.1,[0.06169002 0.07714363 0.31505466 0.25618467 0.5003357 ],tensor(2.6250e-15),34.46624493598938,443.55021973193686
Explicit NNODEgHMC,0.7000000000000001,autograd,normal_normal,SynchronousLeapfrog,0.1,[0.07506881 0.06025989 0.27785507 0.32619664 0.8578502 ],tensor(1.7486e-14),43.15814137458801,153.47842942437524
NNODEgHMC,0.7000000000000001,autograd,normal_normal,SynchronousLeapfrog,0.1,[0.07506881 0.05896577 0.25876945 0.23643444 0.5081707 ],tensor(1.6548e-14),26.727849006652832,439.3370865485569
HMC,0.8,autograd,banana,SynchronousLeapfrog,0.1,"[           nan            nan 7.34361708e-02 1.54840440e-01
 2.46727258e-01 1.06735811e-01 9.26099494e-02 2.26255924e-01
 4.42860946e-02 9.85137299e-02 3.11165843e-02 8.29916224e-02
 3.28782499e-01 6.63951263e-02 2.93917563e-02 8.87865275e-02
 1.52877811e-02 1.65101543e-01 1.89099103e-01 8.80464911e-02
 1.98771641e-01 8.45803991e-02 9.26154777e-02 6.34762272e-02
 1.86932720e-02 8.09302330e-02 1.80980526e-02 1.76009148e-01
 1.63687199e-01 2.30572484e-02 8.09663385e-02 2.05802321e-01
 9.13007632e-02 2.22240835e-01 4.62717935e-02 3.74298394e-02
 1.25127449e-03 1.35416925e-01 4.72826557e-03 1.01800784e-01
 9.92609486e-02 6.32452145e-02 1.22873522e-01 1.20480239e-01
 8.33316520e-02 2.06495598e-01 6.65953243e-03 6.17862344e-02
 1.50835537e-03 3.67209315e-02 6.10350594e-02 3.95068675e-02
 1.07515909e-01 6.75658211e-02 2.73668587e-01 7.56539926e-02
 3.98762152e-02 1.11784358e-02 4.64309880e-04 1.92785218e-01
 2.08284706e-01 1.75751988e-02 1.70326024e-01 5.83934672e-02
 5.52181974e-02 2.10629672e-01 1.30348857e-02 8.30293819e-02
 2.38957210e-03 1.81818753e-02 3.88388038e-02 9.02040154e-02
 7.10876063e-02 2.74323635e-02 1.35043934e-01 1.93133399e-01
 9.47862118e-02 4.37114909e-02 6.92987740e-02 4.55011008e-03
 4.45464924e-02 2.12943405e-02 2.09499568e-01 2.73987855e-04
 4.89686169e-02 2.54590623e-02 1.54145034e-02 9.14556906e-03
 2.22991984e-02 7.28132203e-02 1.99497536e-01 1.14971720e-01
 3.10284942e-02 1.95372373e-01 3.31062339e-02 1.07758287e-02
 3.99498492e-02 1.36348784e-01 1.27578720e-01 1.18010715e-02]",tensor(nan),11.923654317855835,21.978008928132773
NNgHMC,0.8,autograd,banana,SynchronousLeapfrog,0.1,"[3.24756210e-03 4.21198681e-02 7.34184757e-02 1.54895261e-01
 2.46786743e-01 1.06720567e-01 9.26412344e-02 2.26272792e-01
 4.43042628e-02 9.84961838e-02 3.10973041e-02 8.29763710e-02
 3.28824073e-01 6.63804263e-02 2.93719228e-02 8.87926072e-02
 1.52681870e-02 1.65142715e-01 1.89161435e-01 8.80843326e-02
 1.98783323e-01 8.45746323e-02 9.26178470e-02 6.34606630e-02
 1.86771546e-02 8.09156969e-02 1.80812236e-02 1.76017359e-01
 1.63737774e-01 2.30766833e-02 8.09755027e-02 2.05856413e-01
 9.12822783e-02 2.22296596e-01 4.62924913e-02 3.74332368e-02
 1.27149967e-03 1.35419443e-01 4.70906775e-03 1.01801023e-01
 9.93122235e-02 6.32307604e-02 1.22860886e-01 1.20524243e-01
 8.33777934e-02 2.06549957e-01 6.67975750e-03 6.17747791e-02
 1.48884114e-03 3.67012583e-02 6.10233657e-02 3.94876711e-02
 1.07503429e-01 6.75480440e-02 2.73727208e-01 7.56427720e-02
 3.98579650e-02 1.11593166e-02 4.51432134e-04 1.92804664e-01
 2.08338931e-01 1.75953452e-02 1.70332745e-01 5.84144071e-02
 5.52110001e-02 2.10653037e-01 1.30148185e-02 8.30299333e-02
 2.38103955e-03 1.81625187e-02 3.88279781e-02 9.02046487e-02
 7.11038783e-02 2.74527464e-02 1.35034382e-01 1.93159461e-01
 9.47769657e-02 4.36922945e-02 6.93201125e-02 4.53438796e-03
 4.45290320e-02 2.12912578e-02 2.09562257e-01 2.88208685e-04
 4.89494950e-02 2.54397057e-02 1.54197980e-02 9.14319977e-03
 2.23158691e-02 7.27993995e-02 1.99520752e-01 1.14967301e-01
 3.10367886e-02 1.95427358e-01 3.30870077e-02 1.07557615e-02
 3.99625674e-02 1.36356845e-01 1.27571613e-01 1.18209803e-02]",tensor(2.9285e-13),11.09468412399292,1.3160419570274893
Explicit NNODEgHMC,0.8,autograd,banana,SynchronousLeapfrog,0.1,"[2.53762701e-04 4.87585403e-02 7.11311325e-02 1.49146885e-01
 2.47709602e-01 1.05811141e-01 9.88721699e-02 2.27799103e-01
 4.90925722e-02 9.92502868e-02 3.20707224e-02 8.60165432e-02
 3.28258246e-01 6.08855858e-02 2.69716866e-02 8.82949606e-02
 1.50019405e-02 1.62393510e-01 1.89255461e-01 8.62682536e-02
 1.99763700e-01 8.44725594e-02 8.87465402e-02 6.10727482e-02
 2.08427496e-02 7.92873278e-02 1.98398661e-02 1.82964459e-01
 1.66968897e-01 2.56839935e-02 7.76951537e-02 2.03277320e-01
 8.74824002e-02 2.18900174e-01 4.63028438e-02 3.74706052e-02
 1.99336442e-03 1.32430390e-01 2.49322644e-03 9.81669724e-02
 9.96299833e-02 6.60311505e-02 1.21055864e-01 1.19898453e-01
 8.14483464e-02 2.08957151e-01 8.55453592e-03 6.93590567e-02
 6.25668839e-03 3.31603512e-02 5.79230711e-02 4.38179895e-02
 1.09733954e-01 6.69912994e-02 2.71711022e-01 7.13706017e-02
 3.76990847e-02 1.44154904e-02 1.68406148e-03 1.91313133e-01
 2.07501620e-01 1.00519098e-02 1.76569909e-01 5.69743030e-02
 4.83859554e-02 2.14644387e-01 6.03413256e-03 8.00088048e-02
 5.10883052e-03 2.07869727e-02 4.14581224e-02 8.34952667e-02
 6.73578754e-02 2.48141512e-02 1.33503348e-01 1.87845305e-01
 9.51813161e-02 4.88286205e-02 6.15156405e-02 1.47096235e-02
 4.37232628e-02 1.96390357e-02 2.06213236e-01 3.67165846e-03
 5.48164546e-02 1.83118358e-02 1.93030294e-02 9.46332607e-03
 1.75644550e-02 7.89216980e-02 1.99978039e-01 1.13662541e-01
 3.12230028e-02 1.93698257e-01 3.61900218e-02 1.46755744e-02
 3.79051305e-02 1.33838251e-01 1.24299720e-01 1.42099205e-02]",tensor(1.1882e-12),31.33928394317627,5.922841768647142
NNODEgHMC,0.8,autograd,banana,SynchronousLeapfrog,0.1,"[2.53762701e-04 4.87587005e-02 7.11309761e-02 1.49147287e-01
 2.47709915e-01 1.05810903e-01 9.88723263e-02 2.27799267e-01
 4.90928106e-02 9.92501304e-02 3.20707224e-02 8.60163867e-02
 3.28258723e-01 6.08854219e-02 2.69714501e-02 8.82949606e-02
 1.50017515e-02 1.62393898e-01 1.89255849e-01 8.62684920e-02
 1.99763849e-01 8.44725594e-02 8.87465402e-02 6.10725880e-02
 2.08425913e-02 7.92870969e-02 1.98397078e-02 1.82964459e-01
 1.66969210e-01 2.56841518e-02 7.76951537e-02 2.03277737e-01
 8.74822363e-02 2.18900487e-01 4.63030003e-02 3.74706052e-02
 1.99344335e-03 1.32430390e-01 2.49298941e-03 9.81669724e-02
 9.96302962e-02 6.60309941e-02 1.21055864e-01 1.19898841e-01
 8.14485028e-02 2.08957464e-01 8.55469424e-03 6.93590567e-02
 6.25645136e-03 3.31601165e-02 5.79230711e-02 4.38177548e-02
 1.09733954e-01 6.69911355e-02 2.71711588e-01 7.13704377e-02
 3.76989283e-02 1.44154904e-02 1.68406148e-03 1.91313282e-01
 2.07502037e-01 1.00520682e-02 1.76569909e-01 5.69744632e-02
 4.83859554e-02 2.14644521e-01 6.03397423e-03 8.00088048e-02
 5.10883052e-03 2.07869727e-02 4.14581224e-02 8.34952667e-02
 6.73578754e-02 2.48143878e-02 1.33503348e-01 1.87845379e-01
 9.51813161e-02 4.88283820e-02 6.15158789e-02 1.47096235e-02
 4.37232628e-02 1.96391158e-02 2.06213638e-01 3.67173785e-03
 5.48162982e-02 1.83118358e-02 1.93031877e-02 9.46332607e-03
 1.75646134e-02 7.89215416e-02 1.99978188e-01 1.13662541e-01
 3.12230028e-02 1.93698630e-01 3.61897498e-02 1.46754161e-02
 3.79051305e-02 1.33838251e-01 1.24299720e-01 1.42100779e-02]",tensor(4.9197e-11),13.751293659210205,5.804797401602562
HMC,0.8,autograd,gaussian,SynchronousLeapfrog,0.3,[0.05276344 0.11740728 0.11013052 0.05083796 0.01527885],tensor(1.2393e-14),8.433225393295288,1655.695220565017
NNgHMC,0.8,autograd,gaussian,SynchronousLeapfrog,0.3,[0.05294101 0.11829175 0.11322052 0.05601716 0.01953393],tensor(9.5432e-15),8.239732027053833,1596.1000928874194
Explicit NNODEgHMC,0.8,autograd,gaussian,SynchronousLeapfrog,0.3,[0.00257019 0.11501539 0.39073372 0.76478297 1.117509  ],tensor(3.7711e-14),12.886053085327148,122.91798561033771
NNODEgHMC,0.8,autograd,gaussian,SynchronousLeapfrog,0.3,[0.00257019 0.08096265 0.14636593 0.09556253 0.03672108],tensor(2.4545e-14),7.5012640953063965,1559.4374726740405
HMC,0.8,autograd,high_dimensional_gaussian,SynchronousLeapfrog,0.1,[0.00069234 0.00124926 0.00170335 0.00298631 0.00233244],tensor(2.6202e-15),25.783554077148438,236.35879092665286
NNgHMC,0.8,autograd,high_dimensional_gaussian,SynchronousLeapfrog,0.1,[0.000691   0.00126387 0.00173416 0.0030338  0.00239642],tensor(2.7404e-15),34.783868074417114,217.13880168140003
Explicit NNODEgHMC,0.8,autograd,high_dimensional_gaussian,SynchronousLeapfrog,0.1,[0.00074193 0.00620695 0.02261862 0.05095156 0.08827806],tensor(9.0215e-15),97.81270742416382,42.318480404390655
NNODEgHMC,0.8,autograd,high_dimensional_gaussian,SynchronousLeapfrog,0.1,[0.00074193 0.00100685 0.00149802 0.00331677 0.00361506],tensor(1.0341e-14),44.113685131073,214.9081900036216
HMC,0.8,autograd,normal_normal,SynchronousLeapfrog,0.1,[0.08732567 0.13374706 0.1275401  0.2516244  0.22290964],tensor(8.9238e-16),38.502565145492554,416.3403457421199
NNgHMC,0.8,autograd,normal_normal,SynchronousLeapfrog,0.1,[0.08678743 0.13006292 0.11339471 0.22741611 0.18678436],tensor(1.0896e-15),34.8048198223114,391.5676080027248
Explicit NNODEgHMC,0.8,autograd,normal_normal,SynchronousLeapfrog,0.1,[0.0560611  0.0931586  0.07747617 0.18735921 0.14744495],tensor(1.9453e-14),45.88342475891113,154.4828899534348
NNODEgHMC,0.8,autograd,normal_normal,SynchronousLeapfrog,0.1,[0.0560611  0.09742015 0.0928196  0.21686365 0.18597308],tensor(1.2326e-14),28.357474088668823,388.16705705315354
HMC,0.9,autograd,banana,SynchronousLeapfrog,0.1,"[       nan        nan 0.11826342 0.00126901 0.3055247  0.16793104
 0.1849741  0.17859828 0.12614992 0.15488467 0.01766673 0.20610586
 0.18094242 0.18110609 0.23524447 0.06424351 0.1434072  0.09614208
 0.20966144 0.18271059 0.04314618 0.14219184 0.15747729 0.20356528
 0.20788865 0.2491109  0.16722421 0.14210965 0.26156098 0.24408892
 0.22648971 0.21402398 0.11511113 0.21186611 0.16788734 0.10252336
 0.23431268 0.1662257  0.188396   0.25517482 0.13049813 0.19949059
 0.25856242 0.28725806 0.07818267 0.12063874 0.22574215 0.20718789
 0.23346357 0.14203969 0.20507106 0.17061554 0.01928666 0.0442474
 0.23903093 0.2622817  0.12918222 0.15233032 0.18200994 0.13059244
 0.12138639 0.10106878 0.20405225 0.19929272 0.08727319 0.11506893
 0.214572   0.21140118 0.19512048 0.08088309 0.14798532 0.01025565
 0.20806447 0.17690742 0.06684554 0.24542467 0.12066962 0.16274233
 0.1288346  0.19753772 0.26807868 0.15939058 0.22451124 0.00682094
 0.1622031  0.19360375 0.23252995 0.2404835  0.21048824 0.22805579
 0.09382608 0.16721982 0.25644284 0.03620259 0.00386214 0.16705535
 0.1690864  0.27196625 0.0759642  0.17271136]",tensor(nan),11.875198364257812,42.829920265188875
NNgHMC,0.9,autograd,banana,SynchronousLeapfrog,0.1,"[0.00451394 0.2614921  0.11827741 0.00129578 0.30554903 0.16795292
 0.18499258 0.17858225 0.12616418 0.15490684 0.01764201 0.20612863
 0.18096441 0.18112582 0.2352601  0.06426442 0.14339137 0.09613259
 0.20967872 0.182723   0.04313885 0.14220014 0.15746126 0.20358774
 0.20790549 0.24913445 0.16724709 0.14213203 0.2615815  0.24410865
 0.22651336 0.21404088 0.11510937 0.21188955 0.16790044 0.10252229
 0.23432676 0.16621543 0.18841897 0.25519776 0.13051972 0.19951259
 0.25856555 0.28727418 0.07817993 0.12064167 0.22576609 0.20721015
 0.23348734 0.14205445 0.20507535 0.17062746 0.01932819 0.04429636
 0.23905513 0.26230407 0.12915924 0.15234    0.18203104 0.13060884
 0.12139646 0.10104778 0.20410278 0.19931568 0.08731657 0.11509023
 0.21459293 0.21142206 0.19514336 0.08084762 0.148008   0.01029347
 0.20806329 0.1769252  0.06681906 0.24544224 0.12066014 0.1627645
 0.12884603 0.19755892 0.26809746 0.15940954 0.2245347  0.00677238
 0.16222197 0.19362427 0.23255165 0.24050227 0.21050417 0.22807935
 0.09379647 0.16724113 0.25646716 0.03623152 0.00385588 0.16706933
 0.16910926 0.27197787 0.07594094 0.17272416]",tensor(1.8120e-15),11.334235191345215,9.181199237414207
Explicit NNODEgHMC,0.9,autograd,banana,SynchronousLeapfrog,0.1,"[0.0013081  0.2695762  0.12106246 0.00553737 0.30395988 0.16912381
 0.17690702 0.17636712 0.1315154  0.15394928 0.01662258 0.2021884
 0.1817841  0.18803833 0.23830196 0.06482564 0.14374277 0.09964421
 0.20943873 0.18498915 0.04187111 0.1423262  0.1623703  0.20662396
 0.20524004 0.25129154 0.16513318 0.13274023 0.256852   0.2472969
 0.2307738  0.21767934 0.11980635 0.21677522 0.16792282 0.10247568
 0.23522882 0.17016876 0.19108872 0.2600985  0.1300363  0.19595435
 0.2610764  0.28807414 0.08042664 0.11727605 0.22805882 0.19754025
 0.22759631 0.14630689 0.20902614 0.1653425  0.02179995 0.04363019
 0.24210604 0.26798773 0.13177437 0.14850014 0.18055086 0.13258936
 0.12245987 0.0926501  0.21043906 0.19764885 0.08024742 0.10958372
 0.22319815 0.21532671 0.20417504 0.07792869 0.14482991 0.00271724
 0.21285388 0.17384903 0.06874612 0.25314182 0.12017964 0.15649374
 0.12028556 0.18522973 0.26915187 0.16137189 0.22932    0.00263691
 0.15503524 0.2023792  0.23727198 0.24087486 0.20482042 0.22010255
 0.09318776 0.1689187  0.2566802  0.03418103 0.00051753 0.1624
 0.1715859  0.27550572 0.08001015 0.17554967]",tensor(3.0272e-13),33.21960973739624,11.266568167334768
NNODEgHMC,0.9,autograd,banana,SynchronousLeapfrog,0.1,"[0.0013081  0.26957646 0.12106265 0.00553737 0.30395988 0.16912381
 0.17690712 0.1763674  0.1315154  0.15394928 0.01662239 0.2021884
 0.18178429 0.18803833 0.23830226 0.06482593 0.14374304 0.09964421
 0.20943901 0.18498935 0.04187111 0.1423262  0.16237058 0.20662424
 0.20524004 0.25129175 0.16513337 0.13274042 0.25685218 0.2472969
 0.23077412 0.21767965 0.11980635 0.21677554 0.16792282 0.10247587
 0.23522882 0.17016876 0.19108872 0.2600985  0.1300363  0.19595456
 0.2610764  0.28807414 0.08042654 0.11727605 0.22805882 0.19754055
 0.22759631 0.14630708 0.20902634 0.1653425  0.02179995 0.0436299
 0.24210617 0.26798773 0.13177437 0.14850034 0.18055114 0.13258956
 0.12246005 0.0926502  0.21043947 0.19764914 0.08024713 0.10958393
 0.22319846 0.21532671 0.20417504 0.07792869 0.1448302  0.00271724
 0.21285418 0.17384923 0.06874631 0.2531417  0.12017964 0.15649393
 0.12028556 0.18522973 0.26915187 0.16137189 0.22932032 0.00263691
 0.15503524 0.2023792  0.23727229 0.24087486 0.20482032 0.22010283
 0.09318796 0.16891861 0.2566805  0.03418111 0.00051753 0.1624
 0.1715859  0.2755059  0.08001015 0.17554997]",tensor(2.7947e-11),13.831227779388428,18.305605768859564
HMC,0.9,autograd,gaussian,SynchronousLeapfrog,0.3,[0.04638016 0.11357834 0.1178835  0.06678782 0.02737821],tensor(6.2482e-15),8.425240993499756,1507.1444975123843
NNgHMC,0.9,autograd,gaussian,SynchronousLeapfrog,0.3,[0.0462625  0.11382113 0.11977264 0.06941483 0.02730689],tensor(8.6321e-15),8.472944736480713,1441.6406522193408
Explicit NNODEgHMC,0.9,autograd,gaussian,SynchronousLeapfrog,0.3,[0.00257272 0.10738359 0.38709053 0.80731577 1.2818753 ],tensor(3.0945e-14),12.929075717926025,132.57788276270568
NNODEgHMC,0.9,autograd,gaussian,SynchronousLeapfrog,0.3,[0.00257272 0.07354216 0.1475432  0.1103231  0.04748899],tensor(1.7100e-14),7.727702617645264,1395.7337496323833
HMC,0.9,autograd,high_dimensional_gaussian,SynchronousLeapfrog,0.1,[0.00174527 0.00389633 0.00552423 0.0077686  0.00782728],tensor(2.7440e-15),25.72187352180481,214.68091129711541
NNgHMC,0.9,autograd,high_dimensional_gaussian,SynchronousLeapfrog,0.1,[0.00175147 0.00392417 0.00559457 0.00790665 0.00806234],tensor(2.5056e-15),34.72743201255798,198.96010341507377
Explicit NNODEgHMC,0.9,autograd,high_dimensional_gaussian,SynchronousLeapfrog,0.1,[0.00074038 0.00795952 0.02603324 0.05588779 0.09455303],tensor(1.1750e-14),106.87904381752014,38.80161756230476
NNODEgHMC,0.9,autograd,high_dimensional_gaussian,SynchronousLeapfrog,0.1,[0.00074038 0.00266412 0.00481566 0.00802275 0.00937197],tensor(9.9643e-15),47.566420555114746,198.17289188261876
HMC,0.9,autograd,normal_normal,SynchronousLeapfrog,0.1,[0.06162072 0.06144004 0.11359576 0.13572079 0.13710085],tensor(9.4982e-16),38.69120001792908,394.4765524040421
NNgHMC,0.9,autograd,normal_normal,SynchronousLeapfrog,0.1,[0.06907789 0.1587216  0.46675795 0.42557114 0.71694136],tensor(2.1599e-15),35.270280838012695,366.94954883719595
Explicit NNODEgHMC,0.9,autograd,normal_normal,SynchronousLeapfrog,0.1,[0.07651718 0.06782465 0.38468358 0.4939735  1.166551  ],tensor(1.4783e-14),48.26149582862854,150.86050719361546
NNODEgHMC,0.9,autograd,normal_normal,SynchronousLeapfrog,0.1,[0.07651718 0.07282192 0.3799844  0.3935678  0.7159758 ],tensor(1.4191e-14),29.43615221977234,359.8433701481773
HMC,1.0,autograd,banana,SynchronousLeapfrog,0.1,"[           nan            nan 1.28517792e-01 9.89851803e-02
 1.69750173e-02 2.07357600e-01 2.10040376e-01 9.17651653e-02
 1.30951047e-01 1.98078007e-01 2.49258325e-01 2.09901601e-01
 5.98879568e-02 3.64971161e-02 2.98544578e-02 9.50428545e-02
 6.44067377e-02 1.22068167e-01 5.20839989e-02 8.88776258e-02
 3.30812410e-02 7.98710063e-02 1.44410551e-01 2.39035413e-01
 4.70850617e-02 1.44219041e-01 3.85110974e-02 4.41269502e-02
 1.17415953e-02 2.37546235e-01 7.84032941e-02 7.88242221e-02
 3.61095443e-02 2.81531364e-01 1.88172925e-02 2.00017020e-01
 3.31300348e-01 5.76497093e-02 3.30056772e-02 8.23482722e-02
 8.30480158e-02 1.23094067e-01 1.94577333e-02 4.22711372e-02
 7.62666315e-02 8.43968168e-02 2.31195930e-02 6.77654287e-04
 2.73322135e-01 3.70731130e-02 2.33228490e-01 8.64017159e-02
 2.33349085e-01 6.56430647e-02 1.26568183e-01 5.83610944e-02
 1.13184765e-01 3.36770527e-02 8.65301564e-02 1.48306295e-01
 1.06772564e-01 6.06896579e-02 4.04840745e-02 3.93668823e-02
 6.52432293e-02 1.66861430e-01 6.59857839e-02 1.20776162e-01
 1.39467135e-01 2.21766323e-01 5.76024279e-02 9.67136472e-02
 6.46230653e-02 7.77689815e-02 9.69624296e-02 1.16764247e-01
 2.54157513e-01 6.57264963e-02 9.34149325e-02 2.34322082e-02
 1.54035389e-01 9.17949677e-02 1.58581316e-01 1.47194177e-01
 5.57552390e-02 7.62128457e-02 3.42481285e-02 4.28259522e-02
 5.82682863e-02 6.02570772e-02 3.57129648e-02 3.53616029e-01
 1.53705895e-01 5.03260605e-02 2.27901823e-04 2.27452680e-01
 4.30991612e-02 6.05415590e-02 6.20534346e-02 9.61817577e-02]",tensor(nan),11.953280210494995,28.505341099247996
NNgHMC,1.0,autograd,banana,SynchronousLeapfrog,0.1,"[2.82626995e-03 3.67839448e-02 1.28511965e-01 9.89801884e-02
 1.69685874e-02 2.07364723e-01 2.10054755e-01 9.17591155e-02
 1.30953461e-01 1.98079810e-01 2.49263093e-01 2.09908321e-01
 5.98848537e-02 3.64943929e-02 2.98481043e-02 9.50370282e-02
 6.44034892e-02 1.22069076e-01 5.20782545e-02 8.88728648e-02
 3.30751128e-02 7.98652545e-02 1.44408137e-01 2.39040688e-01
 4.70802970e-02 1.44218206e-01 3.85061800e-02 4.41228636e-02
 1.17481006e-02 2.37553328e-01 7.84021616e-02 7.88211226e-02
 3.61031890e-02 2.81538635e-01 1.88114680e-02 2.00022623e-01
 3.31307620e-01 5.76450154e-02 3.30015905e-02 8.23428258e-02
 8.30424204e-02 1.23091042e-01 1.94525886e-02 4.22651619e-02
 7.62662515e-02 8.43947753e-02 2.31135413e-02 6.73569739e-04
 2.73362458e-01 3.70716006e-02 2.33234331e-01 8.63968059e-02
 2.33357027e-01 6.56373873e-02 1.26571089e-01 5.83552010e-02
 1.13182262e-01 3.36781107e-02 8.65256935e-02 1.48307815e-01
 1.06766663e-01 6.06833808e-02 4.04808223e-02 3.93609814e-02
 6.52383119e-02 1.66863844e-01 6.59797341e-02 1.20779052e-01
 1.39465094e-01 2.21774340e-01 5.75972870e-02 9.67101678e-02
 6.46179169e-02 7.77628571e-02 9.69569087e-02 1.16759792e-01
 2.54165083e-01 6.57205954e-02 9.34171230e-02 2.34316029e-02
 1.54032439e-01 9.17893723e-02 1.58578753e-01 1.47188798e-01
 5.57510778e-02 7.62073994e-02 3.42417769e-02 4.28199023e-02
 5.82636707e-02 6.02516308e-02 3.57085019e-02 3.53649169e-01
 1.53705224e-01 5.03203869e-02 2.22531424e-04 2.27459997e-01
 4.30930369e-02 6.05397411e-02 6.20471612e-02 9.61760059e-02]",tensor(1.7778e-15),11.57334017753601,34.97923994119564
Explicit NNODEgHMC,1.0,autograd,banana,SynchronousLeapfrog,0.1,"[1.33655005e-04 3.05802934e-02 1.26340210e-01 9.30795521e-02
 1.81615744e-02 2.06520125e-01 2.15624541e-01 9.34864208e-02
 1.26806527e-01 1.98746055e-01 2.50039160e-01 2.12577417e-01
 5.92229292e-02 3.09161302e-02 2.74617560e-02 9.45596695e-02
 6.41352683e-02 1.19287431e-01 5.22575192e-02 8.71201456e-02
 3.42106894e-02 7.97641277e-02 1.40748844e-01 2.37001464e-01
 4.91649956e-02 1.42678186e-01 4.02069353e-02 5.18155508e-02
 7.99895357e-03 2.35461026e-01 7.51610100e-02 7.60360733e-02
 3.21625993e-02 2.78417140e-01 1.87877938e-02 2.00050205e-01
 3.30756962e-01 5.44989482e-02 3.08419317e-02 7.86964744e-02
 8.34183469e-02 1.25716642e-01 1.75029803e-02 4.16579284e-02
 7.43928924e-02 8.71072114e-02 2.12870743e-02 8.53054691e-03
 2.77024478e-01 3.35532315e-02 2.30584666e-01 9.05092433e-02
 2.35309124e-01 6.50741756e-02 1.24347106e-01 5.40647730e-02
 1.11155353e-01 3.68247889e-02 8.76584724e-02 1.46791622e-01
 1.05922081e-01 6.76981136e-02 4.73678745e-02 4.06727232e-02
 5.85392229e-02 1.70996413e-01 5.93412332e-02 1.17881216e-01
 1.32825986e-01 2.23932549e-01 6.01550341e-02 9.01135728e-02
 6.09154478e-02 8.01576003e-02 9.53893587e-02 1.11168742e-01
 2.54496604e-01 7.07003921e-02 1.00219764e-01 3.33386399e-02
 1.53292224e-01 9.02473852e-02 1.55176789e-01 1.50657699e-01
 6.15086071e-02 6.94210976e-02 3.05436850e-02 4.25236225e-02
 6.26722425e-02 6.63603544e-02 3.62579487e-02 3.52592170e-01
 1.53539717e-01 4.84533757e-02 3.35491449e-03 2.30659559e-01
 4.10823114e-02 5.78960665e-02 5.86301461e-02 9.39921439e-02]",tensor(4.8172e-14),35.514453172683716,2.0399773549725717
NNODEgHMC,1.0,autograd,banana,SynchronousLeapfrog,0.1,"[1.3388193e-04 3.0580144e-02 1.2634006e-01 9.3079329e-02 1.8161574e-02
 2.0652065e-01 2.1562454e-01 9.3486190e-02 1.2680675e-01 1.9874620e-01
 2.5003961e-01 2.1257786e-01 5.9222929e-02 3.0916130e-02 2.7461756e-02
 9.4559439e-02 6.4135239e-02 1.1928759e-01 5.2257519e-02 8.7120220e-02
 3.4210537e-02 7.9763971e-02 1.4074862e-01 2.3700197e-01 4.9165074e-02
 1.4267819e-01 4.0206935e-02 5.1815551e-02 7.9991044e-03 2.3546131e-01
 7.5161010e-02 7.6036073e-02 3.2162372e-02 2.7841783e-01 1.8787794e-02
 2.0005020e-01 3.3075741e-01 5.4498948e-02 3.0841932e-02 7.8696325e-02
 8.3418116e-02 1.2571664e-01 1.7502829e-02 4.1657701e-02 7.4392892e-02
 8.7107211e-02 2.1286847e-02 8.5305469e-03 2.7702484e-01 3.3553232e-02
 2.3058513e-01 9.0509094e-02 2.3530956e-01 6.5074027e-02 1.2434729e-01
 5.4064550e-02 1.1115535e-01 3.6824942e-02 8.7658316e-02 1.4679177e-01
 1.0592185e-01 6.7697957e-02 4.7367722e-02 4.0672496e-02 5.8538996e-02
 1.7099664e-01 5.9341233e-02 1.1788137e-01 1.3282599e-01 2.2393310e-01
 6.0155105e-02 9.0113573e-02 6.0915221e-02 8.0157451e-02 9.5389202e-02
 1.1116852e-01 2.5449714e-01 7.0700243e-02 1.0021999e-01 3.3338640e-02
 1.5329222e-01 9.0247229e-02 1.5517679e-01 1.5065755e-01 6.1508454e-02
 6.9420949e-02 3.0543685e-02 4.2523623e-02 6.2672019e-02 6.6360354e-02
 3.6257949e-02 3.5259250e-01 1.5353972e-01 4.8453420e-02 3.3547631e-03
 2.3066011e-01 4.1082084e-02 5.7896066e-02 5.8630146e-02 9.3992144e-02]",tensor(4.2210e-11),14.030854225158691,10.316961029646224
HMC,1.0,autograd,gaussian,SynchronousLeapfrog,0.3,[0.01237789 0.0666711  0.08030687 0.0393209  0.00390746],tensor(8.6013e-15),8.218352556228638,1356.7134894599837
NNgHMC,1.0,autograd,gaussian,SynchronousLeapfrog,0.3,[0.01242549 0.06665086 0.08100226 0.04080134 0.00422595],tensor(1.2018e-14),8.441729307174683,1295.6241829846088
Explicit NNODEgHMC,1.0,autograd,gaussian,SynchronousLeapfrog,0.3,[0.00254933 0.06039318 0.2973489  0.6915008  1.1739389 ],tensor(2.8706e-14),13.210958242416382,94.11759976799173
NNODEgHMC,1.0,autograd,gaussian,SynchronousLeapfrog,0.3,[0.00254933 0.03277836 0.10074224 0.07708286 0.01382995],tensor(1.9310e-14),7.959027051925659,1255.7365303691947
HMC,1.0,autograd,high_dimensional_gaussian,SynchronousLeapfrog,0.1,[0.00168554 0.00334197 0.00409582 0.00509013 0.0036308 ],tensor(2.6669e-15),25.387492418289185,194.1564757018208
NNgHMC,1.0,autograd,high_dimensional_gaussian,SynchronousLeapfrog,0.1,[0.00171395 0.00346313 0.00437316 0.0055865  0.00440497],tensor(2.5995e-15),37.40954899787903,183.5032112010208
Explicit NNODEgHMC,1.0,autograd,high_dimensional_gaussian,SynchronousLeapfrog,0.1,[0.00072479 0.0079996  0.02587685 0.05529403 0.09333543],tensor(9.8576e-15),122.40659546852112,32.908086690349734
NNODEgHMC,1.0,autograd,high_dimensional_gaussian,SynchronousLeapfrog,0.1,[0.00072479 0.00253224 0.0039762  0.00591484 0.00558565],tensor(1.0762e-14),54.58494806289673,184.29134401132535
HMC,1.0,autograd,normal_normal,SynchronousLeapfrog,0.1,[0.10464104 0.13444833 0.08819294 0.17197788 0.09249063],tensor(1.2303e-15),38.85253167152405,306.15232982686865
NNgHMC,1.0,autograd,normal_normal,SynchronousLeapfrog,0.1,[0.09887823 0.11749931 0.05721848 0.07316961 0.23957784],tensor(2.3725e-15),35.93462634086609,333.48322880927367
Explicit NNODEgHMC,1.0,autograd,normal_normal,SynchronousLeapfrog,0.1,[0.07837803 0.1100126  0.07404628 0.13576813 0.07099461],tensor(2.6409e-14),53.45853281021118,125.06847950399244
NNODEgHMC,1.0,autograd,normal_normal,SynchronousLeapfrog,0.1,[0.07837803 0.10783923 0.06268246 0.08912656 0.24163675],tensor(1.3671e-14),30.46399235725403,326.77332047624554
