model,training_size,sensitivity,distribution,solver,step_size,hamiltonian_error,reversibility_error,distribution_error,time,ess
HMC,1.0,autograd,advection_diffusion,SynchronousLeapfrog,0.2,"[0.00496224 0.00290943 0.00742339 0.00240985 0.01286481 0.00836769
 0.0052468  0.00270733 0.01020555 0.00924306 0.01067226]",2.0914431e-12,0.0,61.00341057777405,8.320903047412438
NNgHMC,1.0,autograd,advection_diffusion,SynchronousLeapfrog,0.2,"[0.00496224 0.00750719 0.04974832 0.19852526 0.46047607 0.67791027
 0.94922507 1.3986472  1.8008995  2.145155   2.4133296 ]",6.599797e-13,6.162834199762385,45.81215214729309,20.304301956595264
NNODEgHMC,1.0,autograd,advection_diffusion,SynchronousLeapfrog,0.2,"[0.00496224 0.00937719 0.04659787 0.13504672 0.2716034  0.4546647
 0.702022   0.96278155 1.4480485  2.0376956  2.5431378 ]",2.9863705e-12,1.10652532823115,34.48647379875183,20.0
Explicit NNODEgHMC,1.0,autograd,advection_diffusion,SynchronousLeapfrog,0.2,"[0.00496224 0.00236172 0.00865312 0.03467462 0.06972792 0.10731845
 0.1583616  0.2068039  0.26730856 0.32436633 0.39335713]",9.716598e-13,0.9101487751894511,33.62442493438721,2.0886516593177062
GSymplecticNNgHMC,1.0,autograd,advection_diffusion,SynchronousLeapfrog,0.2,"[0.00496224 0.01075521 0.02923465 0.07063633 0.1224988  0.17694636
 0.24634646 0.31432334 0.3956689  0.47098848 0.55590767]",29.634914,1.10652532823115,31.30837845802307,20.0
RevGSymplecticNNgHMC,1.0,autograd,advection_diffusion,SynchronousLeapfrog,0.2,"[0.00496224 0.00186613 0.00436475 0.00443941 0.01467576 0.02165518
 0.03871943 0.05429151 0.08246519 0.10948501 0.14828637]",1.01963814e-13,1.10652532823115,30.800207376480103,20.0
RevGradGSymplecticNNgHMC,1.0,autograd,advection_diffusion,SynchronousLeapfrog,0.2,"[0.00496224 0.00182865 0.0036452  0.00734996 0.02190978 0.03670974
 0.06664061 0.10038991 0.15220527 0.20725189 0.27969232]",1.2044162e-13,1.0649939027636244,31.058708667755127,5.312868949232587
