model,training_size,sensitivity,distribution,solver,step_size,time,reversibility_error,hamiltonian_error,distribution_error,ess
HMC,0.1,autograd,advection_diffusion,SynchronousLeapfrog,0.2,2174.9661118984222,2.3024213e-12,"[3.9025719e-04 2.5184446e-03 2.1531745e-03 1.0091938e-03 2.4856432e-04
 9.3500217e-04 3.1931631e-04 6.9730694e-04 6.8326807e-04 1.1875303e-03
 3.7588863e-04 4.4122781e-04 2.3350774e-03 6.1773002e-04 8.5586857e-04
 5.4958143e-04 1.4605289e-03 9.1037960e-05 5.3749600e-04 1.2424170e-03
 4.7278785e-04 9.6054224e-04 9.2397293e-04 5.5142643e-04 2.7093367e-04
 2.6690777e-04 1.6188408e-03 5.2709132e-04 2.8142027e-04 5.0688488e-04
 1.9605894e-04 2.7381920e-03 1.7525073e-03 1.4417016e-04 3.6660951e-04
 9.8953489e-04 6.0534198e-04 1.3841502e-03 5.6419522e-03 1.3426862e-04
 4.0871277e-03 3.5043384e-04 2.5712438e-03 3.5961875e-04 1.2689980e-03
 4.4648902e-04 3.5998746e-04 5.7801809e-03 6.9259957e-04 1.9754870e-04
 9.0419943e-04 2.0382274e-04 2.6560464e-04 1.1141601e-03 5.0757913e-04
 1.6576169e-03 3.7123621e-04 1.0476267e-03 2.4227381e-03 6.4975611e-04
 1.0273304e-04 4.4829582e-04 1.2182669e-03 1.3705312e-03 1.5061769e-03
 9.9227153e-05 7.3349639e-04 1.9307134e-03 1.4990428e-04 2.7608362e-04
 7.6525932e-04 1.1658004e-03 1.0530294e-03 2.7426099e-04 7.3882396e-04
 9.5082354e-03 2.2118352e-04 1.6939311e-04 3.1646781e-03 5.9586973e-04
 2.2849042e-03 5.1366105e-03 2.8762320e-04 2.0400123e-03 3.6827091e-04
 2.3515304e-03 9.0387481e-04 5.8222836e-04 1.1379761e-03 9.1800350e-04
 7.4311008e-04 1.2011968e-03 1.3880146e-03 9.9553530e-05 2.5183667e-04
 9.8972778e-05 1.4064608e-03 3.3021139e-04 5.1806727e-04 6.3120644e-04]",0.0009535389842011685,20.135692792700663
NNgHMC,0.1,autograd,advection_diffusion,SynchronousLeapfrog,0.2,1034.1444590091705,1.0393535e-13,"[0.35748753 0.79589653 0.9229702  0.3388803  0.5804893  0.4843718
 0.06690081 0.47350594 0.33773318 0.6526418  0.6119467  0.54061747
 0.5431004  0.33404335 0.22250651 0.4536285  0.20620756 0.571305
 0.43115917 0.3230278  0.2743944  0.35610348 0.55016637 0.7427762
 0.4618402  0.36603993 0.11829702 0.7916319  0.17865428 0.7131574
 1.0622802  0.80493045 0.788182   0.19156258 0.42575547 0.3804544
 0.65937436 0.5735738  0.9191047  0.66172844 0.42713735 0.6110159
 0.7895565  0.771998   0.5508593  0.7180672  0.31416416 0.7623569
 0.2968275  0.073783   0.13381104 0.2565251  0.3521357  0.6187779
 1.1057618  1.0694221  0.96867913 0.1688736  0.24307369 0.8104047
 0.22209506 0.6982872  0.4622689  0.63223374 0.8276887  0.05169475
 0.50103456 0.4469752  0.80889446 0.2368865  0.3702464  0.24779499
 0.19005005 0.30499494 0.5887375  0.8752231  0.33301288 0.05263078
 1.2431185  0.33211777 0.7318763  0.84800136 0.33945894 0.38675123
 1.0512376  0.340622   0.4613094  0.23702839 0.07245833 0.34346962
 0.76568735 0.12131485 0.32782188 0.706039   0.14847869 0.48501867
 0.5809219  0.82433236 0.54710454 0.06771491]",0.5976362220992636,23.608521390426663
NNODEgHMC,0.1,autograd,advection_diffusion,SynchronousLeapfrog,0.2,260.46570920944214,9.117921e-13,"[0.2551584  0.62660766 0.9152607  0.534523   0.99975014 1.4974403
 0.5922487  0.5502866  0.6612675  0.9377135  0.6846617  0.9256469
 0.6805618  0.5725267  0.4219398  0.6330455  0.23786177 1.0930169
 1.1234041  0.2689189  0.3977498  0.3208376  0.52120954 0.58742654
 1.0597928  0.98831654 0.5804173  0.710997   0.1951208  0.7317569
 1.0204756  0.7997207  0.7369917  0.14388345 0.56829464 0.1242113
 0.9185405  0.6874988  0.6336418  1.2335825  0.5118105  0.57934433
 0.24761602 1.2767413  0.8677169  0.692254   1.14292    0.49861103
 0.26740435 0.08830907 0.1615848  0.2003402  0.61086893 0.40091133
 1.182431   1.2908859  1.1678152  0.10084363 0.7790661  0.8535127
 0.2605094  0.88446534 0.20795052 0.666105   0.6872895  0.32277805
 0.31062058 0.31608325 1.3594961  0.5477748  1.1685493  0.28450975
 0.15147522 1.0485001  0.9016034  0.4800114  0.20658182 0.15136994
 1.2564881  0.48853043 0.49303263 0.62053186 0.7632558  0.32229272
 1.0199988  0.47918442 0.91176295 0.5193516  0.48765105 0.6126148
 1.0344515  0.5653179  0.8667962  1.1891067  0.3145373  0.6810377
 0.3224471  1.5128514  0.8892169  0.36876705]",0.6995360602772891,5.252358960789754
Explicit NNODEgHMC,0.1,autograd,advection_diffusion,SynchronousLeapfrog,0.2,304.4086277484894,1.3353053e-12,"[0.11867181 0.1941557  0.855693   0.47357517 0.49167526 2.1347337
 0.5406023  0.37741852 0.50123703 0.4332897  1.7095178  0.42909694
 0.5985263  0.8480322  1.5863764  0.24581197 0.38338602 0.27482507
 0.70865655 0.42466816 0.4598865  0.394489   0.56191456 0.22009473
 0.09760915 0.8169252  0.18954338 0.28431606 0.30129963 0.82589924
 0.34306324 1.3613764  0.53549343 0.12785359 1.3224528  0.21242775
 0.2144975  0.2670862  0.19424851 0.47799438 0.5115962  0.46503672
 0.3249169  0.5878319  0.46858782 0.5820304  0.29783705 0.8711215
 0.3331307  0.46875018 1.7916704  0.11568908 0.64169484 0.46511933
 0.6970363  1.5063465  0.78168976 0.4415895  0.50933343 0.16632919
 0.24659437 0.61568147 0.22054455 0.28913754 0.5741456  0.461229
 0.36074266 0.66597974 1.8801799  0.44840616 0.9171963  0.10487234
 0.37029275 0.7756384  1.6857481  0.9292022  0.39003643 0.25577876
 1.1439034  2.0527534  0.10987248 0.24440043 0.28533474 0.636535
 0.62231135 0.3217396  0.24779014 0.55435497 0.09717298 0.24990189
 0.3561658  0.48541737 0.78803205 0.7657903  0.55846274 0.39716575
 0.19923644 0.30217493 0.1798852  0.8038232 ]",0.7344541423429533,3.824830293711381
GSymplecticNNgHMC,0.1,autograd,advection_diffusion,SynchronousLeapfrog,0.2,295.2427589893341,8203.006,"[ 5.215996   19.260088    4.7856336  10.357816   21.466227    6.8943644
  0.6956828  27.875189    3.4415874   3.535198    6.4552193  20.83004
  2.824787    0.5734299   5.9843965   8.820986    1.4386295   8.575348
  7.7969794  13.180699    0.587487    1.4674591   7.9564543  10.83541
 23.694092    2.1481144   0.87885815 12.521395   17.18359     5.44181
 10.629176    3.0902278  13.4587755   0.5655522  15.32943    10.219964
 14.316412   10.278624   20.3294      9.969512   11.997656    4.9833155
  0.8647671  15.952312    7.7616177   3.7185943   5.977736    3.6997306
  0.5770213   6.1221113   0.39429402  8.539479   12.321084   11.719543
 10.126494    6.639747   14.22792     6.683447   11.2208185  16.402248
  2.9524703   6.0706253   8.238466    3.1004326  16.080145    1.6615471
  2.3795674   1.0211899   6.746122    7.6932216   1.8211753   1.2200224
  1.904179    5.947984    9.604715   16.806248    1.0034511   0.58362895
  5.08171     4.027194    8.154373   12.061534    0.72997963  6.108959
 14.83161     2.174091   11.9523735   1.7677368   0.54094756  0.5591502
 11.79807     1.686951   12.248663   14.921333    0.959798    0.44605586
  5.6307817  10.540019   16.079096    0.24205697]",1.1154002773724587,21.11651078709336
RevGSymplecticNNgHMC,0.1,autograd,advection_diffusion,SynchronousLeapfrog,0.2,283.4582920074463,5.5050697e-11,"[ 6.3825345  14.65771     6.2629147  19.85175    17.556566    7.678553
  1.6535128  33.47045     3.220166    7.948175   20.06018    16.577093
 16.064457    0.9193498  21.157953    5.1647687   4.2517395  10.745587
  3.506976   16.117937    3.3942657   1.1737152   3.9014318  11.441704
 11.158352   11.17773     2.4816372   6.1012907   6.5623717   6.2541404
 12.122906    9.901539   10.109276    0.93085307  7.3038855   7.9841933
  9.735786    8.010973   18.896214   11.170865   12.816283   12.142092
  3.521497   14.801818    5.8908997   4.412165    9.32351     3.3945112
  0.6620666   2.5290937   1.112827    8.312726   16.439884    7.0665536
 14.497455    5.957184    8.546936    2.617205    3.229511    9.973541
 10.300684    1.5353637  15.367625    6.2529016  15.920161    2.1249244
  1.5444769   3.9711049   6.119865    5.8848157   1.9111491   3.3832142
  1.219189   12.470578   36.276485    7.26403     1.3113791   0.5048492
  7.081487    5.1715636  11.675774    4.4809113   0.5125702   2.5796385
 10.307522    1.0631022  23.114822    1.7757121   1.4441515   0.5632392
 10.989993    0.783526   11.888115   19.174438    1.7392616   0.6159775
  9.529731    6.50422    12.752233    0.6312361 ]",1.1264418426916154,1.3788993000633827
RevGradGSymplecticNNgHMC,0.1,autograd,advection_diffusion,SynchronousLeapfrog,0.2,279.2227771282196,5.978427e-11,"[30.07609    37.926666   22.101633   12.534187   54.977913   35.0042
  0.15583445 41.65989     9.494728   11.636645    7.1346145  83.571236
  5.400674    1.4502695  18.561167   34.724983    1.5108026  10.937462
 22.966398   56.481884    1.5982993   2.282454   19.600422   48.601986
 43.40509     6.9996824   2.8228245  29.542791   11.253064   24.958971
 38.860783    6.1721625  16.457987    1.8282031  52.589703   23.704535
 34.082497    8.324381   43.731186   24.450115   72.19532    15.556084
 13.861789   61.80166    22.405458    7.72491    31.268278   10.8896475
  1.5975668  33.05659     0.92810315 35.816265   24.864073   24.266556
 21.076305    9.675919   15.294159   14.987932   42.39896    24.0118
  1.0434312  12.198925   26.610985   10.887911   28.02725     1.959053
 17.540318   15.577948   32.46748    15.458694    9.140899   10.327845
  9.190294   31.116875   14.990356   46.202827    2.9156096   4.927214
 14.0662775   5.6103005  25.946934    4.986097    1.4670733  10.761261
 23.558279    1.4665534  13.137299    2.2339923   1.9658415   0.94870085
 23.123224    2.3161688  39.9178     20.601187    1.5329729   1.0845495
 48.948288   28.161894   59.95699     1.0344889 ]",1.0393204461589087,1.1894215193752808
HMC,0.4,autograd,advection_diffusion,SynchronousLeapfrog,0.2,2380.550500392914,4.1005727e-12,"[1.98776042e-03 5.49755234e-04 6.93108072e-04 1.46697788e-03
 5.61666675e-04 5.25387120e-04 3.49716796e-03 1.70012703e-03
 1.72814017e-03 1.06249482e-03 6.64523512e-04 3.62973107e-04
 2.83577852e-03 4.75764624e-04 6.48325426e-04 1.22670573e-03
 5.77595027e-04 8.16808257e-04 5.66500763e-04 9.87263047e-04
 2.62979069e-04 1.20676085e-02 8.34482838e-04 1.49776490e-04
 9.22639563e-04 1.56613137e-03 3.04343965e-04 7.83573603e-04
 4.01396013e-04 2.24791607e-03 1.06610078e-03 7.99964822e-04
 1.04260619e-03 4.42505203e-04 3.66204331e-04 3.09296796e-04
 3.41631792e-04 5.41395042e-04 1.89368566e-03 7.39992305e-04
 6.36575103e-04 5.70897362e-04 3.81667545e-04 1.39133038e-03
 3.69063928e-04 4.64810146e-04 4.32305300e-04 1.09719695e-03
 2.98025878e-03 8.55493825e-04 9.54520772e-04 8.62989575e-04
 8.17513268e-04 6.50934177e-04 8.24414368e-04 1.62998994e-03
 3.72867187e-04 1.62616867e-04 1.10224728e-03 8.78214836e-04
 8.88769107e-04 5.71132288e-04 1.06068165e-03 4.56876878e-05
 4.33982670e-04 2.32094651e-04 1.03889499e-03 5.48707903e-04
 1.45240873e-03 2.12268933e-04 1.36047631e-04 5.11803431e-04
 4.47854167e-04 1.06674386e-03 1.42499525e-03 9.46285902e-04
 2.92065134e-03 8.38007662e-04 1.60153827e-03 1.10120920e-03
 1.73572800e-04 3.09371040e-03 2.31037586e-04 1.62174620e-04
 2.30634469e-04 1.18111505e-03 5.18485089e-04 4.37462033e-04
 4.25624661e-04 2.07685796e-03 4.48494480e-04 4.36559494e-04
 4.12001682e-04 6.69509056e-04 4.66770772e-03 1.17200536e-04
 3.87675391e-04 3.98036442e-04 1.33159198e-03 8.81019398e-04]",0.0005619730470828237,20.485898295401118
NNgHMC,0.4,autograd,advection_diffusion,SynchronousLeapfrog,0.2,1403.8452973365784,9.813362e-14,"[0.5667537  0.22793172 0.8138197  1.0616499  0.70462286 0.39579567
 0.47269505 0.8345422  0.5844747  0.47027472 0.5964296  0.6387764
 0.22860631 0.11092995 1.0899329  0.7842882  0.7375204  0.38362005
 0.8126585  1.0576775  0.4115449  0.9843375  0.4142489  0.6269766
 0.50677425 0.7062599  0.47733706 0.44406193 0.07902682 1.4194183
 0.2571161  0.7632511  0.49745417 0.04659754 0.2436661  0.2549854
 0.6124322  0.72075367 0.75293493 0.15794148 1.0291138  0.22086634
 0.9591977  0.3843684  0.5340482  0.65570176 0.7287877  0.350749
 0.73077196 0.4602995  0.928325   0.08613779 0.38173094 0.3267479
 1.3835738  0.9525992  0.13459167 0.07570887 0.33457518 0.5139046
 1.1034656  0.30162916 0.17184632 1.1628417  0.86162555 0.7672416
 0.4061113  0.21536778 0.8479597  0.13866532 0.6192894  0.17049968
 0.35541847 0.47407156 0.4497118  0.4054955  0.38374183 0.28324857
 0.90754694 0.515979   0.2872074  0.32849666 0.24651814 0.07204014
 0.14389542 0.58717173 0.11569351 0.23557042 0.62692565 0.2698476
 0.10665055 0.16067354 0.41291898 0.3775315  0.5067209  0.14607108
 0.5601414  0.36574382 0.6408194  1.6422697 ]",0.6880792258177062,11.499731384718679
NNODEgHMC,0.4,autograd,advection_diffusion,SynchronousLeapfrog,0.2,607.3715744018555,8.371165e-13,"[0.62179554 0.35660988 0.8318187  1.8983397  1.1719747  0.46905237
 0.6591738  1.1195862  1.1178013  1.1286963  1.1784194  0.9301351
 0.72085756 0.15834679 1.4481333  1.2359039  1.3921328  0.50898945
 1.2120273  1.0781256  0.80548185 0.96130383 0.93293816 0.8907491
 0.62847817 0.869201   0.62462324 0.9330415  0.20172614 1.5055927
 0.64290625 1.7912954  0.69105023 0.2708341  0.30280644 0.7114472
 0.6595834  0.7437789  1.4349296  0.5089481  1.689312   0.4911526
 1.3616635  0.672384   0.68515867 1.07638    1.5579548  0.58619285
 1.2035601  0.84237343 1.2380161  0.10947904 0.91124624 0.41764763
 1.680437   1.635919   0.3008663  0.24739294 0.70076    0.7103705
 1.2452865  1.0415341  0.32477438 1.9152576  1.3981891  1.143952
 0.9450857  0.3808318  1.1185026  0.132224   0.8241498  0.13092807
 0.4355088  1.0756148  0.8099185  0.55166703 0.43664318 0.64828587
 1.3218284  0.79754686 0.4424178  0.44599006 0.6478029  0.01111084
 0.372087   1.2237294  0.17289108 0.69928116 1.3234811  0.4335358
 0.15222624 0.07075378 0.90443224 0.5991198  0.70942515 0.16775696
 0.90622646 0.41741398 1.3813941  1.6894481 ]",0.7103025144304023,5.799603177858895
Explicit NNODEgHMC,0.4,autograd,advection_diffusion,SynchronousLeapfrog,0.2,637.4619233608246,1.5985262e-12,"[0.8558765  0.48064798 0.90900433 0.44524583 0.2836064  0.15271653
 1.0070215  0.3112389  0.24566373 0.19178662 0.2654542  0.39638218
 0.3293143  0.22680844 0.34765252 0.16592321 0.17234546 0.2393142
 0.7877057  0.2507273  0.22623084 0.3429627  0.13966691 0.55561864
 1.7625769  0.20388083 0.2800111  0.33965844 0.7102123  0.8804039
 0.42460102 0.1776885  0.18613668 0.12235397 0.3551503  0.34374776
 0.63730866 1.4601524  0.19771028 1.2390406  0.12487895 0.5304523
 0.43186674 0.14262414 0.29544878 0.8255369  0.06683523 0.45128286
 0.49360338 0.6342454  0.11745412 0.33362666 0.82785374 0.22160956
 0.45925003 0.7274896  1.5556391  0.08355755 0.4631046  1.0374901
 0.57417095 0.28865486 0.3319038  0.23618235 0.5516192  0.72043866
 0.21959886 0.9867769  0.2908712  0.28968418 0.8283644  0.0508096
 0.8340059  0.21998452 0.26615494 0.19657803 0.31179157 0.23589742
 0.4517394  1.1970279  0.34238446 0.6665222  0.7626855  0.07644623
 1.079586   0.05601337 0.3022602  0.21555828 0.15056027 0.2254442
 0.25491664 0.14491141 0.12707937 0.62866706 1.2698389  0.26021218
 0.10452498 0.9737438  0.2199768  2.3673992 ]",0.604157340426065,8.140298825380755
GSymplecticNNgHMC,0.4,autograd,advection_diffusion,SynchronousLeapfrog,0.2,628.930046081543,848.41437,"[ 4.011053   14.092871    3.2703216   5.2892756   7.6019635  25.493454
 13.747115    8.697494    7.716041   14.43684    12.795375    7.6906233
  6.4012237   0.08586649  4.9565263   3.0110602   9.684781    0.35993525
  4.3488626  13.385304    5.725782    8.16398     3.3008153   8.65315
  7.2037134   9.80922    24.987766    9.7350445   4.4499636   6.0777383
  8.006355   11.143483   23.507563    0.31642315 10.991591    3.8656812
  5.6601806   1.8790671  21.344034    4.7057667   8.107146    5.5260825
 21.030882    9.751266   15.097807    3.6847026   5.7708445   0.55015916
  4.0632496  18.204853   19.51655     0.448124    3.4727867   0.95979553
 15.92407    11.580989    8.982293    0.26597577  6.6314406   5.7710223
  7.0608716   5.745856    1.7556162  15.573348   14.804128    4.6373787
  3.4183517   9.444193   16.388279    0.2846992   2.6561928   0.15067653
  1.1496553   5.4483237  16.447578    1.0919634  26.337303    8.116053
  3.763835    4.4896007   7.871589    7.596655    6.6818533   0.22301897
  9.942106    8.35923     1.6449417  20.59812     4.328848    8.912899
 12.711754    0.09733023  6.3119698   5.7051587   4.6045012   0.24074857
  3.159403   10.513522   10.105264    6.2143044 ]",0.9008437878806954,5.051650864262746
RevGSymplecticNNgHMC,0.4,autograd,advection_diffusion,SynchronousLeapfrog,0.2,601.6813018321991,7.0075733e-12,"[0.89142084 2.5485356  1.3403715  3.1548352  2.104656   5.465144
 3.4987106  3.4607413  2.750388   6.1437173  4.531298   2.172946
 1.2993335  0.12539065 3.1493573  1.2662966  4.0376344  0.30327278
 1.7492137  5.021655   1.2865901  2.6621387  1.3403679  2.4512622
 2.2977781  4.0113645  3.8150008  4.1212893  1.3860323  3.0393403
 3.3706486  4.6618133  3.094345   0.44296932 2.119468   3.6709068
 2.104445   1.2367457  7.619267   1.4768028  5.126985   1.2454443
 6.419351   2.7443426  3.865923   1.7643957  2.5996954  0.53266746
 2.216194   4.7939086  4.9571514  0.31915128 1.0145907  0.7021931
 3.863409   8.917058   1.6670876  0.32560205 1.4582527  2.2224464
 2.9416716  2.6966228  0.9332643  5.1362453  5.9428415  1.6679227
 2.7450726  1.6692448  4.742146   0.7418135  1.8073993  0.32536048
 1.2374518  2.5749178  4.5672493  0.9824937  5.25663    1.183985
 2.7954085  1.0959498  1.9805557  1.7434939  1.9646964  0.14651702
 2.1698318  2.4684052  0.99746567 3.8946784  1.3330021  1.7086959
 1.6794654  0.12956598 2.5894513  1.455667   1.6251956  0.47480446
 2.3751717  1.3629643  3.9378178  2.1468496 ]",1.0852404698412235,17.35260651001791
RevGradGSymplecticNNgHMC,0.4,autograd,advection_diffusion,SynchronousLeapfrog,0.2,650.7453668117523,8.873554e-08,"[1.1513881e+02 4.7147186e+01 1.6241327e+02 1.2529854e+03 2.3827354e+03
 2.7552176e+02 4.4982323e+01 2.9478204e+02 2.4930481e+01 1.1205925e+03
 2.3375311e+02 8.9486305e+01 4.4635349e+02 2.7612635e-01 1.9089873e+02
 2.0434521e+02 1.7905569e+03 6.5861315e-01 1.1063375e+02 3.6459402e+03
 1.1918419e+03 2.2165430e+03 8.2838676e+01 7.1603046e+02 1.0845581e+02
 4.0752148e+01 2.8142975e+02 8.9672691e+01 1.0312530e+01 3.8930356e+02
 1.2034746e+02 4.7338385e+02 5.7919409e+02 3.1666702e+01 3.7401146e+01
 4.2393402e+02 4.5989822e+02 4.0120175e+02 2.7115167e+02 1.5064505e+02
 2.9181475e+03 4.5303491e+02 2.6619766e+03 1.8803812e+02 2.5835044e+03
 2.1869113e+02 9.8531654e+01 5.3356600e-01 2.2993661e+02 2.6828299e+02
 6.5675055e+02 5.9835482e-01 4.3732672e+02 4.4320505e+02 2.2916177e+03
 8.9018201e+02 4.6853344e+01 3.6899343e-01 2.3375266e+02 2.2501903e+02
 4.4028189e+02 5.9258904e+01 2.0212518e+02 2.6351250e+03 3.3566309e+02
 4.1218210e+02 3.5186679e+02 1.3070743e+01 2.3189436e+02 6.3321316e-01
 2.9125943e+02 7.2732323e-01 3.4343758e+01 1.0496346e+02 2.3221968e+03
 2.1246274e+00 8.8564911e+02 5.3619659e+02 3.6034813e+01 9.5060059e+01
 5.5512718e+01 2.1281281e+01 3.5524652e+02 1.5296789e-01 3.1180899e+01
 4.9492838e+02 7.3069984e+01 8.0275116e+02 4.2721793e+02 2.1366432e+01
 3.4755409e+01 4.9637142e-01 5.3179668e+01 1.6776161e+02 2.0243933e+01
 3.7460238e-01 1.0435919e+03 2.1595169e+01 6.8565509e+02 6.4568646e+02]",0.9976736466486475,19.289198156288908
HMC,0.7,autograd,advection_diffusion,SynchronousLeapfrog,0.2,2212.719928741455,2.186113e-12,"[5.9990841e-04 4.5057684e-03 4.4136788e-03 1.3593695e-03 4.9549557e-04
 9.9269114e-04 4.5970173e-04 1.1746853e-03 1.5042059e-04 2.2442867e-03
 2.8695341e-04 3.3105150e-04 2.0661850e-03 4.7328540e-05 1.0218461e-04
 2.9436473e-03 8.6541020e-04 2.9403687e-04 2.8539263e-04 1.9867071e-04
 7.4391271e-04 5.7377107e-04 4.6651432e-04 3.5302667e-04 3.0021879e-04
 9.7099422e-05 1.8887634e-04 3.6831154e-03 2.0661554e-03 7.4662053e-04
 3.2999093e-04 6.2295552e-03 1.7102341e-03 1.2617673e-03 4.9937569e-04
 2.5921140e-03 6.9638761e-04 1.3135597e-03 2.6857312e-04 4.2529590e-04
 6.9164910e-04 9.2372902e-05 9.3186920e-04 4.1361764e-04 5.3753221e-04
 5.4631138e-04 2.0751131e-03 6.4952701e-04 1.4277487e-03 6.7340449e-04
 8.1606227e-04 9.2054904e-04 1.1070418e-03 1.2809212e-03 4.9875770e-04
 6.0958607e-04 2.2711924e-04 6.9829292e-04 2.1569231e-03 2.5790761e-04
 2.2162811e-04 4.3064862e-04 1.3601001e-03 5.0147562e-03 7.1858690e-04
 7.9029574e-05 1.1655653e-03 3.2326425e-04 3.0880206e-04 8.0962008e-04
 4.1341875e-04 1.8490145e-04 7.9108757e-04 2.0371517e-04 3.8579290e-03
 5.2396540e-04 9.4354979e-04 3.1970118e-03 7.6776644e-04 2.1637740e-04
 4.9833569e-04 2.8262858e-04 6.9337740e-04 5.7811866e-04 3.8444521e-04
 1.0768768e-03 3.0607134e-04 1.2212628e-03 8.6103182e-04 3.5946972e-03
 3.2499727e-04 2.2590386e-03 3.2640859e-03 7.5121073e-04 2.4602539e-04
 1.8146652e-04 1.5450886e-04 1.3288077e-04 3.5240036e-04 5.0007401e-04]",0.00045326544470550913,18.84054911156008
NNgHMC,0.7,autograd,advection_diffusion,SynchronousLeapfrog,0.2,1419.7655274868011,8.498392e-14,"[0.52593976 0.49030834 0.3482533  0.46639723 0.34542215 0.04956123
 0.25783193 0.25732923 0.41088864 0.20387864 0.1859603  0.1910599
 0.42144117 0.5165172  0.77295476 0.53609383 0.1658442  0.28452662
 0.3653634  0.12530103 0.7546231  0.32269084 0.39002052 0.3311174
 0.45982864 0.05580761 0.38543487 0.7844892  0.34844023 0.2646061
 0.21772884 0.5290578  0.26344568 0.29144052 0.16793807 0.26944438
 0.27961186 0.98415524 0.05301945 0.09361794 0.5035864  0.03965384
 0.71107626 0.16088574 0.34365863 0.77630407 0.341283   0.14097607
 0.10794769 0.25703192 0.28144243 0.29495433 0.28591487 0.3691779
 0.412563   0.95457065 0.34624022 0.03077943 0.13595028 0.1751413
 0.04919568 0.24096823 0.36764336 0.04624202 0.2760126  0.14248961
 0.34501186 0.18654864 0.12808807 0.0293601  0.3408088  0.09260403
 0.10974488 0.05651545 0.60730135 0.3471434  0.04023464 0.15802307
 0.5524166  0.46285748 0.11461572 0.05399513 0.04049919 0.26104638
 0.8107116  0.5349532  0.2888382  0.0787041  0.35303167 0.9809976
 0.09154721 0.27043366 0.697087   0.05734431 0.14585002 0.40172613
 0.32588902 0.11794192 0.25324887 0.48069218]",0.3270516541254726,22.370983093271715
NNODEgHMC,0.7,autograd,advection_diffusion,SynchronousLeapfrog,0.2,940.2897257804871,8.3473896e-13,"[0.39537668 0.38461894 0.28317332 0.45680806 0.2146271  0.06450506
 0.16975167 0.13952744 0.4407445  0.26293358 0.24901943 0.18078086
 0.17201108 0.5370062  0.4802971  0.53823483 0.30596986 0.21680863
 0.27835158 0.09133712 0.6286552  0.15583761 0.20107011 0.27006888
 0.3419344  0.0651987  0.4379607  0.8677631  0.25479984 0.39159003
 0.18501486 0.42716998 0.2916617  0.22473244 0.1659153  0.14954753
 0.25569996 0.8472135  0.05979518 0.22846603 0.27246976 0.08000632
 0.6553096  0.2154825  0.29409865 0.70328575 0.34129524 0.24431017
 0.09240079 0.1817152  0.32084844 0.2808962  0.4303491  0.46391004
 0.27653447 0.7705503  0.37664327 0.10237237 0.08114857 0.11243211
 0.03292336 0.14904493 0.38065696 0.03232716 0.22483768 0.16301858
 0.4205481  0.12989369 0.12064932 0.04168251 0.38099074 0.11198473
 0.06352822 0.07349674 0.5975408  0.2071028  0.05328374 0.17718792
 0.51150846 0.44076315 0.1734327  0.12336557 0.02559372 0.45993894
 0.67805815 0.50012475 0.24437432 0.14678828 0.19060777 1.0189735
 0.1046463  0.17003831 0.8219209  0.25845996 0.06751022 0.30776748
 0.5025571  0.16127732 0.22641408 0.45204872]",0.5060669470840549,6.402284478411121
Explicit NNODEgHMC,0.7,autograd,advection_diffusion,SynchronousLeapfrog,0.2,886.6592218875885,1.3703709e-12,"[0.21705659 0.42858958 0.21732686 0.5849501  0.32446468 0.14640735
 0.42496154 0.14370386 0.10535123 0.06351847 0.5491726  0.1323062
 0.90903604 0.32360646 0.17934744 0.47636124 0.10218379 0.15778172
 0.11706449 0.21900915 0.19391151 0.07670569 0.28355408 0.26552385
 0.10687451 0.14141165 0.13600452 0.83401096 0.16921097 0.46633554
 0.10660633 0.1876208  0.76688176 0.14971395 0.20609379 0.28955454
 0.19333076 0.23495796 0.40925565 0.01186367 0.5175512  0.11378869
 0.20443596 0.17627342 0.26367813 0.28831697 1.7143701  0.3417697
 0.2636045  0.09785254 0.22852628 0.09202617 0.35899922 0.32771716
 0.20335858 0.32497877 0.60485715 0.41869467 0.02203579 0.13889498
 0.12189638 0.06948836 0.5847584  0.22434166 0.15007415 0.3918411
 0.08654561 0.08473038 0.28917733 0.23958835 0.17300496 0.29493818
 0.14596686 0.2189246  0.3943975  0.3318614  0.04005076 0.11224541
 0.2796109  0.26033473 0.24756193 0.5830531  0.29312375 0.38691097
 0.52943975 0.4500588  0.1571956  0.03664406 0.39774713 0.82901126
 0.3383182  0.26229256 0.722754   0.15324962 0.10453157 0.17022634
 0.66587067 0.76445633 0.19780214 0.4423406 ]",0.4682345635270593,4.18939765970173
GSymplecticNNgHMC,0.7,autograd,advection_diffusion,SynchronousLeapfrog,0.2,868.5662882328033,128.4929,"[ 0.7654077   0.43355918  0.3140089   7.041636    3.0257194   0.2067305
  4.4885216   0.17657451  4.167712    3.3285651   4.660117    4.594449
  1.0171854   6.3827834   1.1986423   1.2134817   0.4391197   0.7419524
  3.8384726   2.69899     3.4570563   0.27776304  2.8605618   1.2622658
  3.148677    0.08711725  0.3264559   4.171885    0.01592538  0.30118227
  3.3375232   0.88471764  3.7485206   0.80452555  2.440539    0.35924998
  0.6261679   1.558892    0.3559239   2.1361299   4.723719    0.3337183
  0.7936837   1.6060088   4.2015      1.3241827   0.60489047  2.303221
  0.5688923   3.6068172   3.948467    1.4010524   3.0228043   3.9434164
  5.9734964   1.269719    2.2881207   0.43240762  0.79240316  0.28029734
  0.12095387  1.1604291   2.951233    0.57324815  1.5662528   2.0483952
  0.69206285  0.02444001  0.08702523  2.513471    0.05197489  0.4137244
  4.194556    1.8309035   0.5881155   0.27301356  0.1510183   0.21610364
  0.469456    0.34260637  0.3840131  10.237       0.25278327  1.0377451
  2.9365325   2.7508366   0.40334556  3.7830236   0.45195642  3.9274702
  5.9282126   0.5171838  10.177909    4.58069     1.3054397   6.2561016
  7.8829384   1.4197848   0.5949222   3.121648  ]",0.6148121834942564,2.202358851773155
RevGSymplecticNNgHMC,0.7,autograd,advection_diffusion,SynchronousLeapfrog,0.2,842.3051855564117,4.935732e-12,"[0.9662231  0.7456077  0.7918027  0.8703439  2.3146033  0.27608126
 0.87250364 0.57558787 1.2941048  0.73600113 1.530171   1.1009575
 0.29088426 2.0503469  1.9009719  1.4584345  0.31019908 0.53607017
 2.5307882  1.7875849  1.2529228  0.12708087 0.95664287 2.379902
 1.266185   0.14282164 0.93567055 1.3885208  0.14006956 0.43894038
 0.66848505 1.1342779  1.2677945  1.0981048  0.9511743  0.5965233
 0.73208505 3.5871565  0.20781754 0.7540722  2.1843193  0.2659461
 0.97448766 0.55179614 2.1082044  1.5983089  0.9951089  0.6632345
 1.0605328  0.42270106 1.2468665  0.35215062 2.5689971  1.1928035
 1.1402545  1.7058668  0.45508    0.36311612 0.40636134 0.57454103
 0.1500715  0.62525445 1.1708896  0.37266445 0.5880952  1.1094843
 0.67105436 0.07154156 0.13031156 0.84361565 0.09424808 0.9425231
 0.52374357 1.3326327  0.39729342 0.28226542 0.07052469 0.14773735
 0.6239097  0.84186184 0.41891417 1.9731249  0.1553752  0.8521287
 1.7460872  0.38145605 0.5308356  0.87515616 0.5884059  2.9860756
 3.1310108  0.52552724 1.7193885  2.484906   0.7776245  1.3848286
 1.933351   0.92460036 0.48185307 1.202826  ]",0.6958437612520056,1.564729823198735
RevGradGSymplecticNNgHMC,0.7,autograd,advection_diffusion,SynchronousLeapfrog,0.2,863.4516716003418,2.7424214e-11,"[ 4.721327    6.0026593   1.9476694  11.766226   17.300245    1.1531718
  9.751859    1.5770965  16.081713    0.8308457  10.144219    8.869671
  0.94447947 17.156565   15.177022    7.0073028   0.6985943   4.393174
 19.64125    18.957397    8.285315    0.25184336  3.7976658  10.599859
  7.7653074   0.31773365  4.2103906   1.3613007   0.47295684  1.2480648
  4.260724    7.005377    3.8336973   4.770729    7.071111    1.910419
  2.3767407   9.474278    0.5659791   3.4690533  17.921146    1.2001212
 12.7340145   0.7766493  12.554668    6.5865536   5.7542033   0.42412204
  0.9010875   1.3385184   9.697015    1.2079298   9.581719    6.3772073
 16.504057    8.525391    1.2301432   1.1093458   0.88402206  1.3211907
  0.3415005   7.8350153   2.2586234   0.63928837  0.44471344  5.261462
  2.672525    0.22971933  0.18534331  0.67063206  0.28271008  4.455827
  0.6155413   7.718301    3.1764748   0.72925425  0.49956653  0.13395429
  2.2236958   6.222862    0.63097745 17.73913     1.5706874   5.61638
 16.036945    2.2811387   0.09596643 13.715173    3.859203   10.102615
 33.435043    0.53934747 14.525463   26.883642    1.0019606  14.505491
 23.918463    0.9009885   0.58478767 16.729815  ]",0.8598504099197026,650.0
HMC,1.0,autograd,advection_diffusion,SynchronousLeapfrog,0.2,2171.948961496353,2.4479832e-12,"[7.3937280e-04 3.4457215e-04 1.7072699e-03 4.1562875e-04 1.7071640e-04
 8.1903988e-04 1.0682098e-03 5.2727631e-04 6.7616784e-04 1.0051802e-03
 1.8945688e-04 1.9396085e-04 1.2376419e-03 9.4226800e-04 1.2775016e-03
 5.6341034e-04 8.7468157e-04 1.5475214e-04 7.7123602e-04 1.6982397e-03
 2.4441280e-03 2.7757387e-03 2.7072575e-04 6.2337628e-04 1.8946207e-03
 6.5659435e-04 7.8629608e-05 1.8764629e-03 1.1254967e-03 7.6687447e-04
 4.0041870e-03 1.2387589e-03 5.8203225e-04 1.0326449e-03 2.5901941e-04
 1.0291275e-03 4.4140196e-04 1.2060283e-03 8.7244133e-04 8.7933126e-04
 5.0001265e-04 8.5880322e-04 9.8326469e-05 3.6728772e-04 1.0373798e-02
 4.4274717e-04 1.4812156e-04 6.8935647e-04 5.2956730e-04 8.0495223e-04
 1.2170073e-03 7.3335576e-04 2.8971501e-03 6.3842151e-04 2.6191823e-04
 2.3534116e-03 8.5750828e-04 2.5013299e-04 3.8230899e-03 1.3145866e-03
 7.0102978e-04 5.4283423e-04 1.7947245e-02 2.6892382e-04 9.3447149e-04
 2.4704539e-04 2.5476719e-04 4.3862796e-04 3.2564538e-04 1.7697352e-04
 5.3433853e-04 1.0427695e-03 1.1757128e-03 3.4116060e-03 2.9058583e-04
 5.4434774e-04 8.3004602e-04 3.0846434e-04 4.9149785e-03 1.4645800e-03
 3.1176177e-04 3.8747888e-04 3.4024953e-04 3.4810742e-04 2.7133210e-03
 8.4636669e-04 1.4712213e-03 1.2440608e-04 3.0586394e-04 6.2273757e-04
 4.2217024e-04 3.9704004e-04 8.0192089e-04 2.0382879e-04 2.1032474e-04
 3.9127530e-04 4.8085186e-04 2.8702537e-02 1.2966644e-03 5.7757599e-04]",0.0,14.600338024340871
NNgHMC,1.0,autograd,advection_diffusion,SynchronousLeapfrog,0.2,1539.077941417694,5.389269e-14,"[0.10068016 0.07190017 0.81833565 0.18520677 0.36317492 0.15201001
 0.69867104 0.47095665 0.17012629 0.03431419 0.07531983 0.30426684
 0.19945501 0.37763166 0.25766253 0.16230197 0.39852464 0.14294171
 0.06472665 0.2872487  0.3055032  0.46793646 0.10199132 0.19432038
 0.3591593  0.2110691  0.03558496 0.28756025 0.4800651  0.14834073
 0.59583086 0.15756467 0.5435072  0.03172845 0.27168426 0.5084169
 0.04747534 0.27906552 0.07269356 0.38507476 0.12831864 0.13996987
 0.20189494 0.26650187 0.16517489 0.1221147  0.0776896  0.11866008
 0.10012633 0.05317689 0.29463378 0.20500296 0.37170586 0.1980649
 0.17531867 0.6620823  0.34032193 0.05825954 0.66101426 0.08578014
 0.4325366  0.5784998  1.5289608  0.16548856 0.2658232  0.13483384
 0.10904535 0.21388552 0.20453547 0.08340788 0.21736312 0.1890903
 0.09978358 0.19813551 0.13709764 0.11063418 0.12238634 0.06303825
 0.14084208 0.10691786 0.41199383 0.09156379 0.2337879  0.08469566
 0.48066175 0.29084125 0.41263855 0.16490407 0.03056385 0.10588242
 0.19645366 0.12200104 0.14205141 0.00855949 0.30690545 0.8264459
 0.04596862 0.681319   0.03554324 0.33962777]",0.5314409327174423,35.64389474389811
NNODEgHMC,1.0,autograd,advection_diffusion,SynchronousLeapfrog,0.2,1147.906896352768,8.7124275e-13,"[0.2852965  0.2154536  0.8204034  0.21061257 0.30766097 0.3931853
 0.30943364 0.72720385 0.28410593 0.04312474 0.06069833 0.42310664
 0.1980112  0.6541254  0.21814865 0.2976261  0.5265246  0.14335397
 0.20619883 0.2473193  0.5170449  0.4012284  0.2553893  0.48787192
 0.1691769  0.3461108  0.0375367  0.28220305 0.4876746  0.20365828
 0.741893   0.1871044  0.6301781  0.188026   0.41147146 0.4765893
 0.07416291 0.4436656  0.03511736 0.29737663 0.29951483 0.25593305
 0.2595426  0.39059293 0.27692276 0.19082165 0.21499757 0.06236144
 0.09805565 0.0647991  0.62020946 0.34701604 0.56976616 0.24462952
 0.29638606 0.66599447 0.54896486 0.06982812 0.16919434 0.07449712
 0.49250206 0.5422601  1.3044631  0.2172087  0.42406794 0.19675684
 0.17039923 0.19143929 0.35702473 0.07755746 0.43632162 0.20286544
 0.12412319 0.2267617  0.09183913 0.08001892 0.1727674  0.10199033
 0.2465205  0.32040086 0.49219662 0.08674339 0.35158908 0.07472829
 0.38422087 0.31993395 0.5290664  0.15027203 0.04246241 0.21328615
 0.4219653  0.1827172  0.22079985 0.08789086 0.12461019 0.8963308
 0.05458532 0.5678404  0.0318835  0.56321883]",0.5194160635152962,4.774708376266898
Explicit NNODEgHMC,1.0,autograd,advection_diffusion,SynchronousLeapfrog,0.2,1176.19402718544,1.8543886e-12,"[0.19485626 0.15105468 0.46517026 0.5119212  0.19958577 0.2983555
 0.20882249 0.88774097 0.5030129  0.173902   0.24843334 0.37162313
 0.4431314  0.38713032 0.2780953  0.37915096 0.32338747 0.31281772
 0.05092925 0.15459067 0.3190538  0.7242393  0.15480636 0.36578536
 0.11541017 0.1996682  0.22032803 0.40264985 0.39727125 0.17607978
 0.7194894  0.1149347  0.20830415 0.1427652  0.1391069  0.33060825
 0.27084237 0.15150642 0.2908222  0.17901458 0.09308331 0.3073387
 0.18538798 0.24834074 0.10508221 0.07503979 0.39799944 0.08414423
 0.11737927 0.14052394 0.22800927 0.34187707 0.6347461  0.2443757
 0.18480062 0.1384573  0.32858706 0.32015172 0.39933413 0.28899944
 0.26775643 0.4527375  1.0594293  0.19764994 0.33129653 0.24610381
 0.37203297 0.82369244 0.0835091  0.0882049  0.3232286  0.24635813
 0.2421041  0.8015357  0.25668344 0.2916201  0.16623247 0.46031883
 0.11142971 0.53406256 0.17634973 0.3741593  0.54373103 0.19159472
 0.26266122 0.29147905 0.4203514  0.33496174 2.3352892  0.1056009
 0.14415598 0.49940294 0.16525872 0.3271399  0.11618604 1.1841278
 0.17237063 0.6413667  0.5877687  0.45538196]",0.7484731212944337,4.397130706550343
GSymplecticNNgHMC,1.0,autograd,advection_diffusion,SynchronousLeapfrog,0.2,1206.1700522899628,14.358575,"[0.9454162  0.17373137 3.605154   0.23001659 0.08784187 0.22604501
 0.51561195 2.3354335  0.13944219 0.09288942 0.13759342 0.85149455
 0.2104119  0.7295637  0.6185183  0.98252076 0.1071232  0.1643457
 0.61255103 0.16185994 0.16779375 1.0681702  1.8253566  0.43364292
 0.39188898 1.1047323  0.03392095 0.30876213 1.9727927  0.1063266
 1.4246216  0.1374317  2.410718   0.10924868 0.43284357 0.46443716
 0.3281226  1.3049899  0.04266724 0.28069782 0.6614668  0.112074
 0.22059382 0.1347021  2.323538   0.19319643 0.11451051 0.07810678
 0.09190575 0.08527914 0.1613749  1.1891508  0.46076417 0.45387608
 0.24419367 0.5220918  0.57179606 0.1586595  0.4852868  0.29578882
 0.37323388 0.9135814  0.96334773 0.3891066  0.9479978  0.16468987
 0.6719187  0.9628759  0.66655517 0.1650339  0.30019194 0.2031361
 0.30014238 0.24960634 0.14204478 0.10448036 0.09342674 1.6694521
 0.6040393  0.42095125 0.4531538  0.48233536 0.9511951  0.2331644
 0.20498686 0.37720576 0.3474168  0.29381856 0.20377731 2.1007912
 1.8962295  0.507937   0.36319464 0.9006721  0.35802335 0.6765516
 0.09507494 0.8601499  0.13876827 0.61032385]",0.8735588681445511,4.0178347757216715
RevGSymplecticNNgHMC,1.0,autograd,advection_diffusion,SynchronousLeapfrog,0.2,1176.8782804012299,2.2954694e-12,"[0.6456933  0.12376663 2.687989   0.20117505 0.24711701 0.6128969
 0.12311827 1.8622867  0.11049273 0.12285224 0.19999285 0.31070703
 0.21122517 0.27407765 0.90301245 0.6626704  0.09254283 0.23358965
 0.43113923 0.23258513 0.2667904  1.0140698  1.3776245  0.19633278
 0.09914693 0.80196905 0.04196232 0.14983286 2.2211807  0.11771727
 1.0624797  0.10498828 3.3768241  0.24819076 0.18755731 0.20596589
 0.6612733  0.9472159  0.02281415 0.32616234 0.51892126 0.1488825
 0.56678486 0.1466632  1.8047167  0.14538388 0.10418474 0.02234061
 0.02304932 0.19602884 0.3236681  0.93408537 0.58934927 0.85770565
 0.10432744 0.08552261 0.5469442  0.44291914 0.08462489 0.16809769
 0.24929476 1.2184054  0.070669   0.4659184  1.1282154  0.19833721
 0.9924369  1.4238017  0.50687236 0.29272905 0.53186935 0.32363752
 0.19105856 0.14259234 0.05513113 0.11785576 0.10928199 1.427363
 0.7038388  0.34582245 0.1956143  0.25288802 0.90192086 0.38537902
 0.05017382 0.34023654 0.31863782 0.1088798  0.08800865 2.0925856
 1.5255408  0.45806688 0.41780975 0.29877576 0.1552876  0.6521734
 0.0533998  0.7159738  0.19317545 0.496364  ]",0.610786132846267,3.655247772228369
RevGradGSymplecticNNgHMC,1.0,autograd,advection_diffusion,SynchronousLeapfrog,0.2,1168.1968004703522,2.023837e-09,"[1.5687981e+01 1.2796901e+00 6.6668709e+01 4.9481055e-01 2.5219876e-01
 4.9443562e+01 1.8159854e-01 1.4195700e+01 1.3482578e-01 1.2199067e-01
 1.5290892e-01 7.2249162e-01 1.0579064e+00 2.3976965e+00 1.2336086e+00
 1.9965073e+01 9.4744228e-02 1.1674873e+00 2.2114482e+00 3.2413474e-01
 3.3063737e-01 2.8846243e+01 3.7213192e+01 3.3255508e+00 1.6474888e-01
 9.7580872e+01 2.8607367e-02 3.6320946e+01 2.3771219e+02 3.0024838e-01
 1.4520228e+01 2.3639989e-01 4.0068936e+02 5.3978348e-01 2.3216920e+00
 3.1229812e-01 1.0124190e+00 2.3359592e+01 1.9875048e-02 1.3977183e-01
 4.0121083e+00 6.0325027e-02 3.6385319e+00 2.2834809e-01 2.8760660e+01
 2.5452420e-01 7.4471779e-02 1.8285470e-02 3.7273843e-02 1.7497084e-01
 7.7360952e-01 2.9573093e+01 8.0485970e-01 1.8419107e+01 1.9331205e-01
 7.0886403e-02 4.2413392e+00 1.9075511e-01 5.5118871e+00 2.6665079e+01
 1.2904018e+00 1.3269333e+01 7.0297748e-01 3.1122881e+01 6.4355408e+01
 2.0818841e-01 3.4331783e+01 2.2531168e+01 1.3776123e+01 5.1641327e-01
 1.7868324e-01 1.6100554e+00 7.3317498e-01 2.1561138e-01 3.7784097e-01
 9.6625663e-02 9.6424386e-02 8.4353592e+01 5.7928052e+00 8.3360493e-01
 3.6253109e+00 5.5772257e-01 1.2125119e+01 1.2776790e+00 1.2071408e-01
 5.9970182e-01 1.8573176e+00 1.1344168e+00 4.9514166e-01 6.9701050e+01
 2.5129382e+02 2.3677263e+01 1.3901011e+00 7.7711803e-01 1.6149749e-01
 1.9410131e+01 4.1914535e-01 7.5825186e+00 1.0805368e+00 2.1129808e+01]",0.6861149594663272,10.832598070973589
